stars;forks;commits;branches;pull requests all;pull requests open;pull requests closed;contributors;watchers;issues;topics;license name;;
6;8;51;2;2;1;1;3;6;6;teaching-materials;No License;;
13;5;15;18;0;0;0;1;13;0;training-materials;Creative Commons Attribution Share Alike 4.0 International;;
1;0;19;1;0;0;0;1;1;0;university-course;No License;;
0;0;406;3;0;0;0;1;0;0;teaching-materials;MIT License;;
1;0;8;1;0;0;0;1;1;0;presentation-slides;Creative Commons Attribution 4.0 International;;
0;4;97;6;2;1;1;2;0;15;university-course;No License;;
20;14;11;1;0;0;0;2;20;0;lecture;MIT License;;
3;1;37;1;1;0;1;3;3;0;course-material;GNU General Public License v2.0;;
2;0;4;1;0;0;0;1;2;0;teaching-materials;No License;;
3;4;173;1;0;0;0;6;3;0;workshop-materials;No License;;
0;1;27;1;0;0;0;1;0;0;oer;Other;No License description;
6;9;57;1;0;0;0;5;6;0;workshop-materials;Apache License 2.0;;
0;0;18;1;0;0;0;1;0;0;lecture;No License;;
29;20;173;1;2;1;1;12;29;1;workshop-materials;No License;;
24;9;45;1;0;0;0;1;24;0;workshop-materials;Apache License 2.0;;
1;1;80;1;0;0;0;1;1;0;teaching-materials;No License;;
0;1;115;2;0;0;0;1;0;0;teaching-materials;Creative Commons Zero v1.0 Universal;;
9;1;86;1;0;0;0;1;9;0;course-materials;No License;;
3;5;586;5;32;0;32;3;3;6;teaching-materials;No License;;
265;103;50;1;0;0;0;1;265;0;lecture-slides lecture-material lecture-videos;No License;;
0;3;104;1;0;0;0;4;0;0;workshop-materials;No License;;
0;0;58;1;0;0;0;2;0;0;lecture;No License;;
4;1;279;2;0;0;0;3;4;0;teaching-materials;No License;;
3;0;12;2;0;0;0;1;3;5;teaching-materials;MIT License;;
17;5;9;2;0;0;0;1;17;0;teaching-materials;MIT License;;
0;0;13;1;0;0;0;1;0;0;university-course;MIT License;;
6;17;6;1;12;0;12;1;6;0;workshop-materials;MIT License;;
3;5;13;2;1;0;1;1;3;0;teaching-materials;MIT License;;
0;0;17;1;0;0;0;1;0;0;university-course;MIT License;;
0;0;48;1;0;0;0;1;0;0;teaching-materials;No License;;
0;0;33;1;0;0;0;1;0;0;teaching-materials;No License;;
13;12;172;3;153;6;147;12;13;6;lecture;MIT License;;
0;4;19;1;0;0;0;1;0;0;lecture-material;No License;;
4;28;214;1;23;7;16;8;4;7;course-materials;No License;;
0;0;28;1;0;0;0;1;0;0;teaching-materials;MIT License;;
10;15;79;1;0;0;0;2;10;0;course-materials university-course;No License;;
12;8;68;5;2;2;0;2;12;2;university-course course-materials;No License;;
6;7;65;2;0;0;0;2;6;0;course-material;GNU General Public License v2.0;;
0;0;12;1;1;0;1;1;0;0;teaching-materials;MIT License;;
0;0;55;1;0;0;0;1;0;0;presentation-slides;MIT License;;
1;0;9;6;0;0;0;1;1;0;teaching-materials;No License;;
65;15;44;1;0;0;0;1;65;1;training-materials educational-materials workshop-materials;No License;;
1;0;176;1;0;0;0;1;1;4;teaching-materials;MIT License;;
1;0;6;1;0;0;0;1;1;0;presentation-materials;No License;;
0;1;5;1;0;0;0;1;0;0;course-materials;No License;;
8;5;561;4;79;0;79;10;8;5;teaching-materials;MIT License;;
0;0;53;1;0;0;0;1;0;0;university-course;GNU General Public License v3.0;;
2;0;55;1;0;0;0;1;2;1;teaching-materials;No License;;
1;0;11;1;0;0;0;1;1;1;teaching-materials;No License;;
1;1;8;1;0;0;0;1;1;0;moocs;No License;;
0;0;32;1;2;0;2;1;0;0;university-course;GNU Affero General Public License v3.0;;
77;23;94;1;0;0;0;1;77;0;educational-resources;MIT License;;
2;3;38;1;0;0;0;1;2;0;educational-materials;No License;;
0;2;11;2;2;0;2;3;0;0;university-course;No License;;
10;5;20;1;0;0;0;2;10;0;educational-materials workshop-materials;No License;;
11;9;79;2;0;0;0;2;11;0;training-materials;No License;;
6;33;228;2;39;1;38;19;6;3;learning-materials;Apache License 2.0;;
1;0;5;1;0;0;0;1;1;0;university-course;No License;;
412;190;136;1;0;0;0;1;412;2;training-materials;No License;;
0;0;7;1;0;0;0;1;0;0;university-course;MIT License;;
12;5;125;1;0;0;0;1;12;0;educational-materials;MIT License;;
1;0;184;2;0;0;0;1;1;0;educational-materials;GNU General Public License v3.0;;
2;0;7;1;0;0;0;1;2;0;lecture-slides;Apache License 2.0;;
0;0;4;1;0;0;0;1;0;0;university-course;GNU General Public License v3.0;;
102;22;20;1;0;0;0;1;102;0;mooc;MIT License;;
1;0;78;1;0;0;0;3;1;0;university-course;No License;;
2;2;7;2;0;0;0;1;2;0;teaching-materials;Other;No License description;
2;3;27;1;1;0;1;1;2;0;teaching-materials;Other;No License description;
0;0;9;1;0;0;0;1;0;0;teaching-materials;Creative Commons Attribution 4.0 International;;
4;9;150;1;11;0;11;6;4;1;course-material;GNU General Public License v3.0;;
0;1;19;1;0;0;0;1;0;0;university-course;No License;;
2;2;614;4;2;0;2;9;2;4;course-materials;Other;No License description;
0;0;1621;2;1;1;0;129;0;1;training-materials;MIT License;;
1;26;48;2;3;0;3;5;1;0;teaching-materials;GNU Lesser General Public License v3.0;;
1;0;10;1;0;0;0;1;1;0;training-materials;No License;;
2;1;59;1;0;0;0;1;2;0;lecture-material;No License;;
11;4;26;1;1;0;1;0;11;0;workshop-materials;GNU General Public License v3.0;;
1;0;3;1;0;0;0;1;1;0;teaching-materials;Other;No License description;
13;23;80;3;4;0;4;2;13;0;workshop-materials;MIT License;;
1;2;227;1;0;0;0;2;1;2;lecture;No License;;
0;0;23;1;0;0;0;1;0;0;teaching-materials;MIT License;;
0;0;9;1;0;0;0;1;0;0;lecture;GNU General Public License v3.0;;
2;0;8;1;0;0;0;1;2;0;self-learning;No License;;
2;0;13;1;0;0;0;1;2;0;training-materials;No License;;
0;3;12;1;2;1;1;2;0;1;presentation-slides;No License;;
1;0;41;1;0;0;0;0;1;0;teaching-materials;No License;;
1464;764;322;3;68;5;63;26;1464;23;mooc;Apache License 2.0;;
11;2;194;2;5;0;5;8;11;38;training-materials;No License;;
0;1;32;1;0;0;0;2;0;0;lecture;Other;No License description;
1;0;17;1;0;0;0;1;1;0;lecture-slides lecture-material;No License;;
0;0;42;2;5;0;5;1;0;0;lecture;Other;No License description;
0;1;44;1;0;0;0;1;0;0;course-materials;No License;;
17;4;86;1;1;0;1;2;17;0;teaching-materials;No License;;
1;1;7;1;0;0;0;1;1;0;teaching-materials;MIT License;;
0;0;15;1;0;0;0;1;0;0;course-material;No License;;
13;0;9;1;0;0;0;1;13;0;mooc;MIT License;;
0;5;20;1;0;0;0;1;0;0;university-course;No License;;
6;2;841;2;1;0;1;1;6;0;teaching-materials;MIT License;;
18;21;596;1;0;0;0;1;18;0;course-materials;No License;;
2;0;293;6;1;0;1;2;2;0;teaching-materials;MIT License;;
0;0;6;1;0;0;0;1;0;0;training-material;Apache License 2.0;;
4;2;20;1;0;0;0;1;4;0;textbook;No License;;
0;1;11;2;1;0;1;2;0;0;teaching-materials;MIT License;;
0;0;10;1;0;0;0;1;0;0;teaching-materials;No License;;
0;0;181;3;2;2;0;2;0;2;lecture;No License;;
96;44;277;3;2;0;2;1;96;0;educational-materials;MIT License;;
0;0;15;2;11;0;11;1;0;0;course-materials;MIT License;;
4;1;40;3;0;0;0;2;4;0;teaching-materials;No License;;
15;1;17;3;1;0;1;1;15;0;lecture-slides;No License;;
0;1;25;1;7;0;7;1;0;0;educational-resources;GNU General Public License v3.0;;
78;90;87;2;1;0;1;1;78;0;mooc;No License;;
3;2;24;1;0;0;0;1;3;0;textbook;No License;;
87;28;286;1;1;0;1;3;87;0;course-materials university-course;No License;;
10;4;50;1;0;0;0;1;10;0;teaching-materials;No License;;
0;0;28;1;0;0;0;1;0;0;university-course;GNU General Public License v3.0;;
1;0;6;1;0;0;0;1;1;0;presentation-materials;MIT License;;
0;2;10;1;0;0;0;1;0;0;teaching-materials;No License;;
2;2;24;1;0;0;0;1;2;0;course-materials;No License;;
3;1;34;1;2;0;2;1;3;0;course-materials;No License;;
12;14;35;1;0;0;0;1;12;2;online-learning;No License;;
1;1;21;1;0;0;0;0;1;0;teaching-materials;MIT License;;
0;0;48;1;0;0;0;1;0;0;educational-materials;No License;;
0;0;44;1;0;0;0;1;0;0;teaching-materials;No License;;
1;0;4;1;0;0;0;1;1;0;course-materials;No License;;
1;1;11;1;0;0;0;1;1;1;course-materials;No License;;
31;6;90;1;3;2;1;4;31;2;presentation-materials;Creative Commons Attribution Share Alike 4.0 International;;
1;0;78;1;0;0;0;1;1;0;mooc;No License;;
23;8;205;4;7;0;7;3;23;23;training-materials;MIT License;;
56;10;84;3;5;0;5;2;56;0;course-materials;MIT License;;
1;11;15;1;0;0;0;1;1;1;moocs;No License;;
8;15;32;1;0;0;0;1;8;0;moocs;No License;;
17;2;273;1;5;0;5;2;17;0;textbook;No License;;
8;23;36;2;0;0;0;1;8;0;mooc;No License;;
0;0;3;1;0;0;0;1;0;0;university-course;No License;;
6;3;34;1;3;0;3;2;6;0;training-materials;Other;No License description;
13;9;47;1;0;0;0;1;13;0;lecture;No License;;
3;0;14;1;0;0;0;2;3;0;training-materials;MIT License;;
118;60;36;1;1;1;0;1;118;1;moocs;No License;;
8;4;52;4;6;0;6;3;8;0;training-materials;No License;;
3;13;56;1;8;0;8;8;3;0;educational-resources course-materials;No License;;
23;25;117;2;0;0;0;1;23;0;teaching-materials;No License;;
0;0;16;1;0;0;0;1;0;0;university-course;No License;;
0;1;7;1;1;0;1;2;0;0;presentation-slides;MIT License;;
6;7;15;1;5;0;5;1;6;0;workshop-materials;MIT License;;
1;9;6;1;5;3;2;3;1;3;course-materials;No License;;
18;4;5;1;0;0;0;1;18;0;teaching-materials;MIT License;;
0;4;24;1;0;0;0;1;0;0;course-material;GNU General Public License v3.0;;
0;0;6;1;0;0;0;1;0;0;university-course;No License;;
6;1;7;1;0;0;0;1;6;0;lecture-slides;No License;;
0;0;3;1;0;0;0;1;0;0;moocs;No License;;
12;4;14;1;0;0;0;1;12;0;mooc;No License;;
0;0;1;1;0;0;0;1;0;0;presentation-slides;No License;;
0;1;18;2;2;0;2;1;0;0;training-materials teaching-materials;No License;;
0;0;14;2;1;0;1;1;0;0;lecture;GNU General Public License v3.0;;
21;16;131;1;0;0;0;1;21;0;lecture;"BSD 3-Clause ""New"" or ""Revised"" License";;
0;14;17;1;1;0;1;3;0;1;training-materials;MIT License;;
0;6;21;1;6;0;6;5;0;0;teaching-materials;Other;No License description;
2;4;122;3;0;0;0;1;2;4;course-materials;Other;No License description;
8;5;29;1;0;0;0;1;8;0;course-materials;No License;;
5;2;196;1;1;0;1;1;5;0;lecture-material lecture-slides;GNU Affero General Public License v3.0;;
0;0;32;1;0;0;0;3;0;0;university-course;No License;;
1;1;68;2;0;0;0;1;1;0;educational-materials;No License;;
0;0;27;1;0;0;0;1;0;0;course-materials;No License;;
2;0;79;1;0;0;0;1;2;0;teaching-materials;No License;;
0;0;31;1;0;0;0;1;0;0;course-materials;GNU General Public License v2.0;;
0;0;24;1;0;0;0;1;0;0;open-educational-resources;No License;;
191;115;231;4;16;1;15;3;191;2;textbook;Other;No License description;
1;0;91;2;0;0;0;1;1;1;teaching-materials;Other;No License description;
0;0;47;1;0;0;0;1;0;0;university-course;GNU General Public License v3.0;;
1;0;127;3;7;0;7;2;1;3;self-learning;No License;;
2;1;30;1;0;0;0;1;2;1;educational-materials;No License;;
0;0;13;1;0;0;0;1;0;0;educational-materials;No License;;
4;0;102;1;0;0;0;1;4;8;educational-materials;No License;;
4;23;26;1;1;0;1;1;4;0;self-learning;MIT License;;
8;9;285;1;0;0;0;1;8;0;teaching-materials;Other;No License description;
0;0;7;1;0;0;0;1;0;0;university-course;No License;;
0;0;74;1;0;0;0;1;0;0;lecture-material;No License;;
18;5;5;1;0;0;0;1;18;1;textbook;No License;;
0;0;9;1;0;0;0;1;0;0;workshop-materials;No License;;
0;0;8;1;0;0;0;1;0;0;workshop-materials;MIT License;;
0;0;2;1;0;0;0;1;0;0;educational-materials;No License;;
55;24;93;1;3;0;3;4;55;0;textbook;Other;No License description;
0;0;2;1;0;0;0;1;0;0;educational-materials;No License;;
13;6;226;1;31;0;31;11;13;3;teaching-materials;No License;;
0;0;31;1;0;0;0;1;0;0;lecture;No License;;
3;4;17;7;3;0;3;1;3;0;workshop-materials;No License;;
30;5;20;1;3;0;3;3;30;0;lecture;No License;;
13015;1534;481;4;76;10;66;29;13015;24;training-materials;Other;No License description;
3;1;26;1;0;0;0;1;3;0;mooc;No License;;
10;6;46;1;7;2;5;3;10;10;oer;No License;;
0;0;33;1;0;0;0;1;0;0;training-materials;No License;;
6;11;659;1;0;0;0;45;6;0;workshop-materials educational-resources educational-materials;No License;;
3;0;32;2;0;0;0;1;3;0;teaching-materials;GNU General Public License v3.0;;
1;0;1365;1;0;0;0;1;1;0;lecture;Creative Commons Attribution Share Alike 4.0 International;;
1;0;100;1;0;0;0;1;1;1;teaching-materials;GNU General Public License v3.0;;
10;5;1;1;0;0;0;1;10;0;teaching-materials;GNU General Public License v3.0;;
0;0;13;1;0;0;0;1;0;0;course-materials;MIT License;;
0;1;89;1;0;0;0;1;0;0;lecture;No License;;
17;25;11;1;0;0;0;1;17;0;teaching-materials workshop-materials;GNU General Public License v3.0;;
3;1;52;1;0;0;0;3;3;0;teaching-materials;No License;;
0;0;20;2;2;0;2;1;0;0;workshop-materials;Apache License 2.0;;
0;0;5;1;0;0;0;1;0;0;university-course;No License;;
0;1;3;1;0;0;0;1;0;0;educational-materials;No License;;
0;0;4;1;0;0;0;0;0;0;presentation-slides;MIT License;;
0;0;8;1;0;0;0;1;0;0;workshop-materials;No License;;
8;11;44;4;6;1;5;3;8;5;teaching-materials;No License;;
1;0;21;1;0;0;0;1;1;0;teaching-materials;No License;;
1;0;35;7;0;0;0;1;1;3;course-materials;No License;;
6;12;16;1;0;0;0;1;6;0;mooc moocs;No License;;
7;14;5;1;0;0;0;1;7;1;moocs mooc;No License;;
6;4;433;2;5;0;5;4;6;1;university-course;No License;;
2;6;538;2;0;0;0;3;2;0;university-course;No License;;
10;3;70;2;2;2;0;1;10;2;educational-materials educational-resources teaching-materials;GNU General Public License v3.0;;
1;0;11;1;0;0;0;1;1;0;presentation-slides;Creative Commons Attribution 4.0 International;;
1;0;2;1;0;0;0;1;1;0;course-materials;No License;;
0;0;3;1;0;0;0;1;0;0;workshop-materials;MIT License;;
2;0;58;1;0;0;0;1;2;0;workshop-materials;MIT License;;
0;11;37;1;10;7;3;3;0;7;course-materials;No License;;
0;0;159;1;0;0;0;1;0;0;university-course;No License;;
4;4;57;1;0;0;0;1;4;0;teaching-materials;No License;;
4;5;497;1;0;0;0;1;4;0;self-learning;No License;;
1;0;25;2;0;0;0;2;1;0;lecture;No License;;
1;1;253;6;9;5;4;1;1;5;university-coursework;No License;;
11;8;209;3;0;0;0;3;11;2;course-materials;Other;No License description;
0;1;3;1;0;0;0;1;0;0;university-course;No License;;
3;10;35;1;0;0;0;1;3;0;lecture;No License;;
1;0;18;1;0;0;0;0;1;0;lecture;No License;;
25;12;42;1;2;2;0;1;25;4;teaching-materials educational-materials workshop-materials;No License;;
29;16;66;1;2;0;2;2;29;1;teaching-materials educational-materials workshop-materials;No License;;
1;0;26;1;0;0;0;1;1;0;educational-resources;No License;;
2;0;7;1;0;0;0;1;2;0;course-materials;MIT License;;
0;3;14;1;0;0;0;1;0;0;teaching-materials;No License;;
2;8;36;6;7;5;2;2;2;5;course-material;MIT License;;
0;0;32;1;0;0;0;1;0;0;lecture-slides;No License;;
2;0;56;1;0;0;0;1;2;0;workshop-material;No License;;
4;8;121;3;0;0;0;2;4;0;workshop-materials training-materials;Other;No License description;
0;0;77;1;0;0;0;1;0;0;workshop-material;Other;No License description;
2;2;14;1;0;0;0;1;2;0;course-materials;Other;No License description;
2;1;5;2;0;0;0;1;2;0;teaching-materials;GNU General Public License v3.0;;
106;81;6;1;1;0;1;1;106;0;mooc;Apache License 2.0;;
0;0;31;1;0;0;0;1;0;0;moocs;No License;;
0;0;2;1;0;0;0;1;0;0;teaching-materials workshop-materials;ISC License;;
2;3;2;1;0;0;0;1;2;0;teaching-materials;GNU General Public License v3.0;;
12;7;25;2;1;0;1;1;12;0;textbook;No License;;
2;2;78;1;0;0;0;1;2;0;teaching-materials;No License;;
0;1;36;1;0;0;0;2;0;0;teaching-materials;GNU General Public License v3.0;;
18;12;189;3;0;0;0;4;18;0;training-materials;No License;;
50;30;70;1;0;0;0;1;50;0;textbook;Creative Commons Attribution Share Alike 4.0 International;;
14;10;75;1;3;0;3;4;14;0;oer;No License;;
1;3;48;1;0;0;0;2;1;0;course-materials;No License;;
10;14;128;1;0;0;0;1;10;0;university-course;No License;;
3;14;28;1;24;20;4;6;3;20;course-materials;No License;;
1;0;13;1;0;0;0;1;1;0;mooc;No License;;
0;0;6;1;0;0;0;1;0;0;university-course;No License;;
0;0;39;1;0;0;0;1;0;0;training-materials;No License;;
6;0;16;2;2;0;2;1;6;0;training-materials;No License;;
2;3;18;1;0;0;0;1;2;0;workshop-materials;Apache License 2.0;;
16;3;31;1;0;0;0;1;16;3;workshop-materials;Apache License 2.0;;
0;0;11;1;0;0;0;1;0;0;training-materials;No License;;
0;1;22;1;0;0;0;1;0;0;training-materials;No License;;
0;0;4;1;0;0;0;1;0;0;lecture teaching-materials;No License;;
0;0;41;2;1;0;1;1;0;0;course-materials;Creative Commons Zero v1.0 Universal;;
0;0;2;1;0;0;0;1;0;0;educational-materials;No License;;
0;0;2;1;0;0;0;1;0;0;educational-materials;No License;;
0;0;10;1;0;0;0;2;0;0;lecture;No License;;
13;9;9;1;0;0;0;1;13;0;training-materials training-material;MIT License;;
322;36;2243;2;8;0;8;5;322;4;course-materials;No License;;
69;129;248;4;18;1;17;6;69;2;course-materials;Other;No License description;
0;1;3;3;0;0;0;1;0;0;teaching-materials;No License;;
2;11;30;1;20;2;18;5;2;5;self-learning;No License;;
1;0;47;1;0;0;0;1;1;0;mooc;MIT License;;
0;0;23;1;0;0;0;1;0;0;learning-materials;No License;;
40;17;615;17;81;2;79;7;40;22;textbook;Creative Commons Attribution Share Alike 4.0 International;;
0;0;39;1;0;0;0;1;0;0;oer open-educational-resources;No License;;
5;1;10;4;0;0;0;2;5;0;training-materials;No License;;
0;0;8;2;0;0;0;1;0;0;lecture;GNU General Public License v3.0;;
3;1;4;1;1;0;1;2;3;0;textbook;No License;;
5;3;265;3;5;1;4;3;5;1;training-materials;No License;;
0;0;23;5;5;2;3;2;0;2;presentation-slides;No License;;
0;0;19;1;0;0;0;1;0;0;training-materials;MIT License;;
0;0;4;1;0;0;0;1;0;0;teaching-materials;No License;;
11;20;170;2;6;0;6;5;11;0;textbook;No License;;
1;0;6;1;0;0;0;1;1;0;oer;No License;;
0;0;14;1;0;0;0;1;0;0;university-course;No License;;
1;0;5;1;0;0;0;2;1;0;university-course;No License;;
5;1;834;2;0;0;0;1;5;3;university-course;MIT License;;
0;0;4;1;0;0;0;1;0;0;course-materials;No License;;
11;11;89;1;2;0;2;2;11;0;course-materials;No License;;
38;12;50;2;2;0;2;1;38;0;course-materials;No License;;
1;0;66;2;0;0;0;1;1;0;course-materials;No License;;
1;0;3;1;0;0;0;0;1;0;course-materials;No License;;
8;3;73;1;4;0;4;11;8;0;teaching-materials;MIT License;;
32;79;111;1;13;0;13;6;32;0;course-materials;Other;No License description;
87;51;74;1;1;0;1;2;87;12;course-materials;MIT License;;
2;1;1;1;2;0;2;1;2;0;mooc;No License;;
1;0;16;1;0;0;0;1;1;0;lecture;No License;;
1;1;20;2;2;0;2;2;1;0;moocs;MIT License;;
1;0;68;1;1;0;1;1;1;0;teaching-materials;No License;;
0;0;26;1;0;0;0;1;0;0;moocs;No License;;
1;1;25;1;0;0;0;2;1;0;workshop-materials;No License;;
0;0;43;1;0;0;0;1;0;0;educational-materials;No License;;
15;2;15;2;0;0;0;1;15;0;teaching-materials;No License;;
6;0;187;1;8;0;8;3;6;0;educational-materials;MIT License;;
0;0;26;1;0;0;0;1;0;0;workshop-materials;No License;;
30;10;106;5;11;0;11;9;30;14;mooc;Other;No License description;
0;4;47;12;16;2;14;1;0;12;educational-materials;MIT License;;
0;0;17;1;0;0;0;1;0;0;educational-materials workshop-materials;No License;;
3;0;1;1;4;0;4;1;3;0;course-materials;Other;No License description;
0;0;4;1;0;0;0;1;0;0;course-materials;No License;;
5;0;20;1;0;0;0;1;5;0;course-materials;MIT License;;
0;0;76;1;2;0;2;1;0;0;educational-resources;MIT License;;
14;13;48;3;3;0;3;4;14;0;teaching-materials;No License;;
3;4;76;1;1;0;1;2;3;0;teaching-materials;MIT License;;
7;4;16;1;0;0;0;5;7;3;open-educational-resources;Creative Commons Zero v1.0 Universal;;
16;17;31;3;4;4;0;1;16;4;mooc moocs;No License;;
3;3;37;2;1;0;1;3;3;0;educational-materials;Mozilla Public License 2.0;;
0;1;7;1;0;0;0;1;0;0;course-materials;No License;;
1;0;3;1;0;0;0;1;1;0;workshop-materials;No License;;
5;0;220;1;0;0;0;1;5;0;self-learning;No License;;
0;2;23;1;0;0;0;1;0;0;oer open-education-resources;No License;;
1;0;6;1;0;0;0;1;1;0;course-materials;No License;;
11;5;36;1;0;0;0;1;11;0;course-materials;No License;;
5;6;10;1;0;0;0;1;5;0;course-materials;MIT License;;
1;0;13;1;0;0;0;1;1;0;presentation-slides;MIT License;;
6;6;18;1;9;0;9;2;6;0;mooc moocs;No License;;
4;0;107;1;0;0;0;1;4;18;educational-resources;MIT License;;
0;0;31;1;0;0;0;1;0;0;university-course;GNU General Public License v3.0;;
2;2;11;1;0;0;0;1;2;2;course-materials;Creative Commons Attribution Share Alike 4.0 International;;
1;0;4;1;0;0;0;1;1;0;teaching-materials;No License;;
1;0;132;1;0;0;0;2;1;0;lecture;No License;;
14;11;198;1;2;2;0;1;14;2;mooc;No License;;
1;0;44;2;1;0;1;1;1;0;university-coursework;GNU General Public License v3.0;;
0;0;2;1;0;0;0;1;0;0;mooc;No License;;
0;0;39;1;0;0;0;1;0;0;university-course university-coursework;No License;;
30;24;157;1;24;0;24;13;30;0;workshop-materials;Other;No License description;
1;3;13;1;0;0;0;1;1;0;workshop-materials;Apache License 2.0;;
101;229;352;1;3;1;2;1;101;1;mooc;MIT License;;
17;23;13;1;1;0;1;2;17;0;online-learning;No License;;
0;0;1;1;0;0;0;0;0;0;university-course;No License;;
1;0;172;1;0;0;0;1;1;0;course-materials;No License;;
25;8;121;1;15;0;15;8;25;42;oer;Creative Commons Zero v1.0 Universal;;
0;0;3;1;0;0;0;1;0;0;presentation-materials;GNU General Public License v3.0;;
4;2;19;1;2;0;2;2;4;0;textbook;No License;;
1;1;9;1;0;0;0;1;1;0;teaching-materials;Other;No License description;
22;5;6;1;0;0;0;1;22;0;workshop-materials;No License;;
0;0;34;1;0;0;0;1;0;0;training-materials;No License;;
0;0;39;1;0;0;0;1;0;0;teaching-materials;MIT License;;
2;0;41;1;0;0;0;1;2;0;teaching-materials;MIT License;;
0;0;31;1;0;0;0;1;0;0;teaching-materials;MIT License;;
1;22;223;1;92;12;80;24;1;12;university-course;No License;;
0;0;9;1;0;0;0;1;0;0;university-course;MIT License;;
0;0;11;3;1;0;1;1;0;0;lecture-slides lecture-material;No License;;
2;0;112;1;0;0;0;2;2;0;university-course;No License;;
12;2;70;1;0;0;0;1;12;0;course-materials;MIT License;;
10;12;39;1;1;0;1;2;10;0;educational-materials;No License;;
1;2;51;2;1;0;1;1;1;0;teaching-materials;Apache License 2.0;;
72;87;84;1;3;1;2;3;72;4;educational-materials;No License;;
0;1;3;2;1;1;0;1;0;1;course-material;GNU General Public License v3.0;;
0;0;19;2;1;0;1;2;0;1;teaching-materials;The Unlicense;;
738;361;257;1;0;0;0;1;738;0;mooc;No License;;
210;123;189;1;0;0;0;1;210;1;mooc;No License;;
2856;1317;309;1;8;0;8;2;2856;0;mooc;No License;;
1524;712;168;1;2;0;2;1;1524;1;mooc;No License;;
877;499;202;1;0;0;0;1;877;0;mooc;No License;;
4;2;3;1;0;0;0;1;4;0;course-materials;No License;;
2;4;14;1;0;0;0;1;1;0;course-materials;No License;;
41;13;535;1;1;0;1;2;41;0;self-learning;"BSD 3-Clause ""New"" or ""Revised"" License";;
3971;1186;1263;8;270;3;267;62;3971;42;course-materials mooc;The Unlicense;;
10;10;29;1;0;0;0;2;10;1;workshop-materials;No License;;
4;6;11;1;0;0;0;1;4;0;course-materials;Other;No License description;
1;3;37;2;13;3;10;3;1;3;presentation-materials;No License;;
2;0;16;1;0;0;0;1;2;0;presentation-slides;GNU General Public License v3.0;;
1;2;224;3;3;0;3;1;1;0;presentation-slides;No License;;
9;2;19;1;0;0;0;1;9;0;presentation-materials;No License;;
2;0;10;1;0;0;0;1;2;0;presentation-materials presentation-slides;MIT License;;
10;1;9;1;0;0;0;1;10;0;presentation-slides;Other;No License description;
21;4;53;3;2;0;2;1;21;1;textbook;No License;;
0;0;11;1;0;0;0;1;0;0;educational-materials;No License;;
0;0;24;1;0;0;0;1;0;0;lecture;MIT License;;
11;10;1241;2;1;0;1;20;11;1;textbook;Other;No License description;
3;0;46;1;0;0;0;3;3;1;course-materials;Other;No License description;
6;26;244;1;18;0;18;18;6;0;educational-materials;No License;;
1;0;12;1;0;0;0;1;1;0;lecture-material;MIT License;;
0;0;125;1;0;0;0;1;0;0;university-course;No License;;
1;0;19;1;0;0;0;1;1;0;workshop-materials;No License;;
17;8;394;8;1;0;1;1;17;5;training-materials;Other;No License description;
4;10;106;1;28;0;28;6;4;2;educational-resources;Mozilla Public License 2.0;;
0;2;16;1;6;0;6;2;0;1;training-materials;No License;;
0;0;12;1;0;0;0;1;0;0;oer educational-materials;MIT License;;
21;21;74;1;0;0;0;1;21;0;training-materials;MIT License;;
1;1;63;1;0;0;0;1;1;0;training-materials;No License;;
8;71;10;1;42;0;42;3;8;0;course-materials;No License;;
0;0;19;1;0;0;0;1;0;0;teaching-materials;No License;;
0;0;47;1;0;0;0;1;0;0;workshop-materials;No License;;
2;2;3;2;2;0;2;1;2;0;training-materials;MIT License;;
463;168;147;1;16;0;16;1;463;0;workshop-materials;No License;;
3;0;40;1;0;0;0;1;3;0;educational-materials;No License;;
3;1;46;1;3;0;3;3;3;0;educational-materials;No License;;
1;0;5;1;0;0;0;1;1;0;textbook;Creative Commons Zero v1.0 Universal;;
4;4;40;1;0;0;0;1;4;1;lecture-slides;No License;;
38;15;156;2;21;1;20;2;38;10;lecture-videos;Apache License 2.0;;
9;10;80;3;39;2;37;1;9;25;lecture-slides;Apache License 2.0;;
0;1;4;1;0;0;0;1;0;0;training-materials;No License;;
2;2;3;1;0;0;0;1;2;0;training-materials;No License;;
1;2;3;1;0;0;0;1;1;0;training-materials;No License;;
3;10;42;1;0;0;0;1;3;0;teaching-materials;No License;;
0;0;58;1;0;0;0;1;0;0;presentation-materials;No License;;
1;0;14;1;0;0;0;1;1;0;training-materials;MIT License;;
1;0;9;1;0;0;0;1;1;0;lecture;No License;;
9;2;251;1;0;0;0;6;9;0;training-materials;Other;No License description;
0;0;8;1;0;0;0;1;0;0;teaching-materials;No License;;
0;2;11;1;0;0;0;1;0;0;university-course;MIT License;;
1;0;45;3;0;0;0;1;1;0;presentation-slides;No License;;
1;2;3;1;0;0;0;1;1;0;lecture-slides;No License;;
1;0;46;1;0;0;0;2;1;0;workshop-materials;No License;;
0;1;19;1;0;0;0;1;0;0;learning-materials;No License;;
10;2;89;1;0;0;0;1;10;0;cc-by-sa;Other;No License description;
8;5;130;2;3;0;3;2;8;0;workshop-materials;GNU General Public License v3.0;;
5;25;424;1;10;0;10;1;5;0;course-materials;No License;;
9;2;79;1;1;0;1;1;9;0;course-materials;Other;No License description;
0;0;6;1;0;0;0;1;0;0;course-materials;No License;;
12;0;73;4;3;0;3;3;12;0;textbook;No License;;
2;0;53;1;1;0;1;1;2;0;training-materials presentation-slides presentation-materials;No License;;
76;31;348;1;0;0;0;1;76;1;online-learning;No License;;
4;4;14;1;0;0;0;1;4;0;mooc;No License;;
34;6;142;1;0;0;0;1;34;0;workshop-materials;No License;;
3;0;4;1;0;0;0;1;3;0;workshop-materials;No License;;
3;8;327;4;7;0;7;10;3;12;educational-materials;No License;;
0;0;145;1;0;0;0;0;0;0;university-course;MIT License;;
0;0;177;3;0;0;0;1;0;0;university-coursework;No License;;
0;1;143;1;1;0;1;4;0;0;university-course;No License;;
0;1;65;3;8;0;8;2;0;1;training-materials;MIT License;;
1;7;22;1;2;0;2;3;1;0;oer;No License;;
105;58;73;1;0;0;0;1;105;4;presentation-materials;GNU General Public License v3.0;;
66;35;503;9;62;2;60;8;66;16;textbook;Other;No License description;
100;12;293;8;11;0;11;7;100;2;educational-resources;Creative Commons Attribution 4.0 International;;
15;6;6;1;0;0;0;1;15;0;lecture;No License;;
39;10;18;1;1;0;1;2;39;0;course-materials;Creative Commons Attribution 4.0 International;;
15;9;51;1;0;0;0;1;15;0;training-materials;Other;No License description;
1;0;11;1;0;0;0;1;1;0;training-materials educational-materials;GNU General Public License v3.0;;
0;0;96;9;7;1;6;1;0;1;educational-resources;No License;;
2;0;19;1;0;0;0;1;2;0;self-learning;No License;;
3;3;25;1;1;0;1;2;3;0;lecture;No License;;
15;8;21;1;0;0;0;3;15;0;workshop-materials;MIT License;;
3;2;7;1;0;0;0;1;3;0;workshop-materials;MIT License;;
0;2;26;1;0;0;0;1;0;0;training-materials;No License;;
0;0;3;1;0;0;0;2;0;0;educational-materials;"BSD 2-Clause ""Simplified"" License";;
0;0;5;1;0;0;0;1;0;0;teaching-materials;MIT License;;
88;85;266;1;8;1;7;2;88;1;lecture-material course-material;No License;;
2;1;36;1;1;0;1;2;2;1;oer teaching-materials;Other;No License description;
5;0;18;1;0;0;0;1;5;0;workshop-materials;No License;;
1;2;9;1;0;0;0;1;1;0;mooc moocs;No License;;
0;0;3;1;0;0;0;1;0;0;mooc moocs;No License;;
2;3;2;1;0;0;0;1;2;0;mooc moocs;No License;;
54;3;6;1;2;0;2;2;54;0;educational-materials;No License;;
6;6;154;1;0;0;0;1;6;0;course-material;No License;;
0;0;4;1;0;0;0;1;0;0;presentation-materials;MIT License;;
0;0;8;1;0;0;0;1;0;0;lecture university-course;No License;;
4;2;101;1;1;0;1;2;4;0;teaching-materials;MIT License;;
0;0;15;1;0;0;0;1;0;0;university-course;No License;;
387;136;10;1;1;0;1;1;387;0;course-material;Other;No License description;
1;0;41;1;0;0;0;0;1;0;teaching-materials;No License;;
6;3;12;1;0;0;0;1;6;0;teaching-materials;No License;;
15;2;74;1;0;0;0;1;15;0;training-materials;MIT License;;
0;1;189;4;0;0;0;1;0;0;lecture teaching-materials;MIT License;;
5;1;135;2;0;0;0;1;5;0;teaching-materials;MIT License;;
9;4;409;4;46;0;46;3;9;14;teaching-materials;No License;;
5;2;174;2;6;1;5;2;5;1;teaching-materials;No License;;
0;0;77;1;0;0;0;1;0;0;teaching-materials;No License;;
25;28;489;1;37;1;36;14;25;1;course-materials;No License;;
36;34;141;2;12;0;12;2;36;3;course-materials open-educational-resources;GNU General Public License v2.0;;
1;2;47;1;0;0;0;2;1;0;teaching-materials;No License;;
152;73;1819;2;2;0;2;15;152;0;teaching-materials;No License;;
1;0;8;1;0;0;0;1;1;0;workshop-materials;Other;No License description;
0;0;9;1;0;0;0;1;0;0;educational-materials;No License;;
0;0;18;1;0;0;0;1;0;0;lecture;MIT License;;
697;128;99;1;20;0;20;19;697;0;training-materials;No License;;
16;20;291;1;36;1;35;18;16;6;teaching-materials;No License;;
1;0;250;2;0;0;0;9;1;0;textbook;No License;;
23;3;46;1;0;0;0;1;23;19;training-materials;No License;;
116;72;279;2;4;0;4;6;116;0;training-materials;Apache License 2.0;;
1;1;4;1;0;0;0;2;1;0;training-materials;MIT License;;
0;0;4;4;0;0;0;1;0;0;training-materials;Apache License 2.0;;
29;60;70;2;15;0;15;3;29;0;training-materials;No License;;
1;0;17;1;0;0;0;1;1;0;training-materials;MIT License;;
0;0;65;2;0;0;0;1;0;20;training-materials;MIT License;;
10;5;26;1;3;2;1;1;10;3;course-materials;Other;No License description;
0;0;36;1;0;0;0;1;0;0;course-materials;No License;;
0;0;8;1;0;0;0;1;0;0;course-materials;No License;;
5;2;224;1;0;0;0;1;5;0;workshop-materials;No License;;
1;0;83;1;0;0;0;1;1;0;course-materials teaching-materials;MIT License;;
1;0;90;2;6;0;6;1;1;0;course-materials teaching-materials;MIT License;;
1;0;118;2;6;0;6;1;1;2;course-materials teaching-materials;MIT License;;
0;0;17;1;0;0;0;1;0;0;educational-materials;Other;No License description;
0;0;2;1;0;0;0;1;0;0;university-course;MIT License;;
15;17;680;5;0;0;0;3;15;0;university-course;Other;No License description;
10;4;10;1;0;0;0;1;10;0;training-material;No License;;
0;0;105;1;0;0;0;7;0;0;lecture;Apache License 2.0;;
3;0;27;4;5;0;5;2;3;0;university-course;No License;;
0;1;162;1;2;0;2;2;0;1;university-course;Other;No License description;
1;0;123;1;0;0;0;1;1;1;university-course;MIT License;;
31;61;14;1;7;3;4;3;31;3;mooc moocs;No License;;
5;2;7;1;0;0;0;1;5;0;mooc moocs;No License;;
5;2;8;1;0;0;0;1;5;0;mooc moocs;No License;;
0;1;5;1;0;0;0;1;0;0;mooc moocs;No License;;
10;7;172;3;0;0;0;1;10;0;teaching-materials;GNU Lesser General Public License v3.0;;
18;49;167;3;43;6;37;11;18;6;teaching-materials;GNU General Public License v3.0;;
1;0;11;1;0;0;0;1;1;0;workshop-materials presentation-slides;MIT License;;
1;2;27;1;1;0;1;2;1;0;lecture;MIT License;;
19;8;42;1;0;0;0;1;19;0;workshop-materials;GNU General Public License v3.0;;
4;4;7;1;0;0;0;1;4;1;educational-materials;MIT License;;
0;0;9;1;0;0;0;1;0;0;educational-materials;No License;;
5;3;22;1;0;0;0;2;5;0;learning-materials;No License;;
82;173;958;9;112;9;103;19;82;68;lecture-slides;No License;;
6;6;58;1;4;0;4;5;6;2;course-materials;No License;;
1;2;31;1;0;0;0;1;1;0;lecture;No License;;
0;0;53;1;0;0;0;1;0;0;teaching-materials;Other;No License description;
2;1;4;1;0;0;0;1;2;0;workshop-materials;GNU General Public License v3.0;;
2;1;38;1;0;0;0;2;2;0;workshop-materials;No License;;
1;1;4;1;0;0;0;1;1;0;workshop-materials;MIT License;;
2;0;10;1;0;0;0;1;2;0;course-materials;No License;;
2;2;12;1;1;0;1;2;2;0;lecture;MIT License;;
122995;24672;1757;4;808;37;771;173;40000;111;training-materials;Other;No License description;
0;0;45;2;0;0;0;1;0;0;teaching-materials;GNU Affero General Public License v3.0;;
31;88;91;4;73;0;73;55;31;5;self-learning learning-exercise;MIT License;;
0;1;42;3;0;0;0;1;0;0;presentation-slides;No License;;
1;1;47;5;5;0;5;1;1;0;course-materials;GNU General Public License v3.0;;
0;0;9;1;0;0;0;1;0;0;cc-by;Creative Commons Attribution 4.0 International;;
11;13;349;2;52;1;51;11;11;10;training-materials workshop-materials;Other;No License description;
17;6;27;1;0;0;0;1;17;0;teaching-materials;Creative Commons Zero v1.0 Universal;;
40;5;36;1;1;0;1;1;40;0;course-materials;GNU General Public License v3.0;;
14;14;121;1;3;0;3;3;14;0;teaching-materials;No License;;
0;0;18;1;0;0;0;1;0;0;course-materials;No License;;
5;3;69;2;1;0;1;2;5;0;course-materials;No License;;
4;3;66;1;3;0;3;5;4;0;training-materials;No License;;
1;0;7;1;0;0;0;1;1;0;educational-resources;No License;;
0;0;3;1;0;0;0;1;0;0;teaching-materials;No License;;
2;0;12;1;0;0;0;1;2;0;textbook cc-by;Other;No License description;
5;1;27;1;0;0;0;1;5;0;textbook cc-by;Other;No License description;
10;3;251;5;2;0;2;8;10;0;course-materials;No License;;
0;2;72;1;1;0;1;3;0;8;course-materials;Other;No License description;
0;0;18;1;0;0;0;1;0;0;university-course;No License;;
3;0;9;1;0;0;0;1;3;0;teaching-materials;No License;;
1;0;39;1;0;0;0;1;1;2;mooc;No License;;
39;108;328;1;150;5;145;81;39;8;self-learning;MIT License;;
0;0;13;1;0;0;0;1;0;0;presentation-materials presentation-slides;No License;;
5;5;52;1;10;0;10;4;5;1;workshop-materials;Other;No License description;
0;0;29;1;0;0;0;0;0;0;university-course;No License;;
14;14;219;2;10;3;7;14;14;5;training-materials;Other;No License description;
4;7;75;1;0;0;0;1;4;5;textbook cc-by;Other;No License description;
0;6;38;2;12;1;11;5;0;3;training-materials;GNU General Public License v3.0;;
62;26;16;1;0;0;0;1;62;1;training-materials;No License;;
0;1;8;6;0;0;0;1;0;0;training-materials;MIT License;;
0;0;6;2;0;0;0;1;0;0;training-materials;Other;No License description;
1;0;8;1;0;0;0;0;1;0;training-materials;No License;;
4;4;110;1;7;0;7;4;4;0;workshop-materials;No License;;
1;1;47;1;1;0;1;2;1;0;workshop-materials;No License;;
1;0;28;1;0;0;0;1;1;0;training-materials;Other;No License description;
1;4;29;1;1;0;1;1;1;0;teaching-materials lecture;MIT License;;
9;5;27;1;1;0;1;2;9;0;workshop-materials;Apache License 2.0;;
7;2;50;1;0;0;0;2;7;0;learning-materials;No License;;
4;2;88;1;6;0;6;3;4;0;training-materials workshop-materials;GNU Affero General Public License v3.0;;
2;0;27;1;0;0;0;1;2;0;presentation-slides;No License;;
0;0;115;1;0;0;0;1;0;0;university-course;MIT License;;
3;0;153;5;4;0;4;1;3;26;learning-materials;No License;;
25;6;2;1;0;0;0;1;25;1;training-materials;"BSD 3-Clause ""New"" or ""Revised"" License";;
768;161;2162;4;211;2;209;65;768;33;educational-resources;Other;No License description;
82;35;207;2;7;0;7;5;82;14;workshop-materials;Creative Commons Attribution Share Alike 4.0 International;;
14;6;37;1;0;0;0;1;14;0;workshop-materials;Creative Commons Attribution Share Alike 4.0 International;;
27;31;23;1;2;0;2;3;27;0;workshop-materials;MIT License;;
1;2;86;2;1;1;0;1;1;1;university-course;No License;;
4;6;21;1;0;0;0;1;4;1;textbook cc-by;Other;No License description;
0;0;2;1;0;0;0;1;0;0;presentation-materials;GNU General Public License v3.0;;
1;0;113;2;5;1;4;1;1;17;lecture;No License;;
1854;254;143;1;57;2;55;36;1854;7;mooc;MIT License;;
1038;78;58;1;19;2;17;13;1038;5;workshop-materials;No License;;
199;89;178;8;118;1;117;39;199;20;learning-materials;"BSD 2-Clause ""Simplified"" License";;
1;3;16;1;0;0;0;1;1;0;course-materials;MIT License;;
601;76;45;1;12;0;12;6;601;1;mooc;No License;;
4;1;11;1;0;0;0;1;4;0;teaching-materials;MIT License;;
9;2;17;1;0;0;0;1;9;0;course-material;Other;No License description;
55;37;229;1;0;0;0;3;55;0;training-materials;No License;;
291;54;176;2;57;0;57;21;291;3;self-learning;MIT License;;
1;7;29;2;11;1;10;8;1;3;training-materials;GNU General Public License v3.0;;
21;13;31;1;0;0;0;1;21;0;course-material;Other;No License description;
2;1;9;1;1;0;1;2;2;0;teaching-material;MIT License;;
0;0;5;1;0;0;0;1;0;0;university-coursework;No License;;
1;0;5;1;0;0;0;1;1;0;training-material;No License;;
3;0;26;2;2;1;1;3;3;1;training-material;No License;;
0;0;15;1;0;0;0;1;0;0;teaching-materials;No License;;
0;5;15;2;7;1;6;8;0;4;training-materials;GNU General Public License v3.0;;
4;22;14;1;1;0;1;1;4;1;teaching-materials;No License;;
1;2;23;1;0;0;0;1;1;0;teaching-materials;GNU General Public License v3.0;;
2;0;23;1;0;0;0;2;2;0;lecture;No License;;
0;0;12;1;0;0;0;1;0;0;teaching-materials;No License;;
1;5;38;1;0;0;0;1;1;1;textbook cc-by;Other;No License description;
0;2;37;1;0;0;0;1;0;0;textbook cc-by;Other;No License description;
0;0;2;1;0;0;0;1;0;0;lecture;No License;;
1;0;838;1;0;0;0;1;1;0;workshop-materials training-materials;No License;;
2;1;4;1;1;1;0;1;2;1;workshop-materials;GNU General Public License v3.0;;
0;1;2;1;0;0;0;1;0;0;presentation-slides;No License;;
0;0;7;1;0;0;0;1;0;0;teaching-materials oer;Other;No License description;
1;0;3;1;0;0;0;1;1;0;teaching-materials;No License;;
13;7;21;2;2;0;2;2;13;10;cc-by;Creative Commons Attribution 4.0 International;;
56;31;6;1;0;0;0;1;56;0;online-learning;MIT License;;
0;0;17;1;0;0;0;1;0;1;educational-resources;No License;;
12;1;24;1;0;0;0;1;12;0;training-materials;No License;;
1;0;60;3;8;0;8;2;1;0;workshop-materials;No License;;
1;4;12;2;5;0;5;5;1;1;training-materials;GNU General Public License v3.0;;
6;4;18;1;0;0;0;1;6;0;teaching-materials;Creative Commons Attribution 4.0 International;;
1;0;62;1;0;0;0;1;1;0;teaching-resources teaching-materials;No License;;
3;3;86;3;2;1;1;1;3;1;course-material;MIT License;;
0;0;8;1;0;0;0;1;0;4;workshop-materials;No License;;
28;21;172;2;9;2;7;2;28;5;teaching-materials course-materials learning-materials;Other;No License description;
34;293;2092;16;349;41;308;181;34;120;university-course;No License;;
0;0;65;1;0;0;0;1;0;0;presentation-slides;"BSD 3-Clause ""New"" or ""Revised"" License";;
8;5;21;1;0;0;0;1;8;0;textbook;Other;No License description;
0;1;34;1;0;0;0;1;0;0;lecture;No License;;
1;0;9;2;2;1;1;1;1;1;teaching-materials;MIT License;;
0;3;17;3;4;0;4;4;0;1;training-materials;GNU General Public License v3.0;;
0;0;29;1;0;0;0;1;0;0;lecture;No License;;
3;0;85;1;0;0;0;1;3;0;course-materials;No License;;
1;0;70;2;31;0;31;1;1;1;course-materials;Creative Commons Attribution Share Alike 4.0 International;;
1;1;9;1;0;0;0;1;1;0;course-materials;Creative Commons Attribution Share Alike 4.0 International;;
0;0;4;1;0;0;0;0;0;0;presentation-slides;MIT License;;
1;0;16;1;0;0;0;1;1;0;teaching-materials;No License;;
0;0;2;1;0;0;0;1;0;0;educational-materials;No License;;
5;1;19;1;0;0;0;1;5;0;educational-materials;Other;No License description;
0;0;31;1;0;0;0;1;0;0;workshop-materials;No License;;
1;0;27;1;0;0;0;1;1;0;textbook cc-by;Other;No License description;
0;2;4;2;2;1;1;2;0;2;training-material;GNU General Public License v3.0;;
0;2;4;2;2;1;1;2;0;2;training-material;GNU General Public License v3.0;;
2;6;43;13;17;1;16;7;2;3;training-material;GNU General Public License v3.0;;
2;9;36;2;14;2;12;7;2;13;training-material;GNU General Public License v3.0;;
2;6;22;2;9;0;9;8;2;1;training-material;GNU General Public License v3.0;;
0;1;6;1;0;0;0;1;0;0;educational-resources;No License;;
67;32;102;2;13;0;13;3;67;0;course-materials;MIT License;;
4;3;9;1;0;0;0;2;4;0;open-educational-resources;MIT License;;
27;30;129;3;5;0;5;3;27;0;training-materials workshop-material;Other;No License description;
0;0;11;1;0;0;0;1;0;0;workshop-materials;MIT License;;
0;3;7;2;3;1;2;3;0;2;training-material;GNU General Public License v3.0;;
294;147;9;1;3;2;1;2;294;2;training-materials;No License;;
12;9;245;1;0;0;0;1;12;0;course-materials;No License;;
3;2;45;2;0;0;0;1;3;0;course-materials;No License;;
1;3;28;1;0;0;0;1;1;0;course-materials;No License;;
9;16;168;1;2;0;2;1;9;0;course-materials;No License;;
2;4;57;2;0;0;0;1;2;0;course-materials;No License;;
1;3;25;1;0;0;0;1;1;0;course-materials;No License;;
5;4;96;1;0;0;0;2;5;0;course-materials;No License;;
0;3;32;1;0;0;0;1;0;0;course-materials;No License;;
2;0;13;1;0;0;0;1;2;1;oer;MIT License;;
1;0;41;1;0;0;0;1;1;0;university-course;No License;;
0;0;86;1;0;0;0;1;0;0;lecture-material;Creative Commons Zero v1.0 Universal;;
1;1;21;1;0;0;0;1;1;0;textbook;No License;;
22;5;8;1;1;0;1;2;22;3;course-materials;MIT License;;
50;12;50;2;0;0;0;2;50;1;open-educational-resources;Other;No License description;
32;18;121;1;0;0;0;1;32;0;self-learning;No License;;
2;6;3;1;0;0;0;1;2;0;university-course;No License;;
1;2;633;2;0;0;0;1;1;0;textbook;No License;;
0;0;7;1;0;0;0;1;0;0;teaching-materials university-course;"BSD 2-Clause ""Simplified"" License";;
11;4;11;1;2;0;2;1;11;0;workshop-materials;Other;No License description;
0;2;4;2;2;1;1;2;0;2;training-material;GNU General Public License v3.0;;
3;6;81;3;24;1;23;5;3;1;training-material;GNU General Public License v3.0;;
3;7;69;3;10;0;10;3;3;8;training-material;GNU General Public License v3.0;;
0;1;32;1;0;0;0;2;0;0;teaching-materials;GNU General Public License v3.0;;
0;0;72;1;0;0;0;1;0;0;course-materials;No License;;
0;1;126;1;0;0;0;1;0;0;course-materials;MIT License;;
0;0;5;1;0;0;0;1;0;0;course-materials;No License;;
16;15;49;1;0;0;0;3;16;0;course-materials;No License;;
3;0;27;1;13;0;13;1;3;0;course-materials;Creative Commons Attribution Share Alike 4.0 International;;
6;0;23;1;0;0;0;1;6;0;course-materials;No License;;
1;2;66;1;0;0;0;1;1;0;course-materials;MIT License;;
0;0;93;1;0;0;0;1;0;0;course-materials;MIT License;;
2;1;20;1;1;0;1;3;2;0;course-material;No License;;
2;1;48;1;0;0;0;1;2;0;moocs;No License;;
1;0;20;2;0;0;0;1;1;0;mooc;No License;;
2;2;13;1;0;0;0;1;2;0;presentation-slides;MIT License;;
21;15;352;15;18;1;17;4;21;5;training-materials;No License;;
1;0;34;1;0;0;0;1;1;0;presentation-slides presentation-materials;No License;;
0;0;95;1;0;0;0;1;0;0;presentation-materials presentation-slides;No License;;
4;2;34;2;18;2;16;1;4;3;training-material;GNU General Public License v3.0;;
20;12;283;1;0;0;0;6;20;0;training-materials;No License;;
127;58;28;1;0;0;0;1;127;1;mooc;No License;;
146;23;4124;36;766;13;753;12;146;110;educational-materials;Other;No License description;
0;0;78;1;0;0;0;1;0;0;presentation-slides;No License;;
22;3;317;5;1;0;1;4;22;0;course-materials;No License;;
0;0;54;1;0;0;0;1;0;0;educational-materials;MIT License;;
0;0;35;1;0;0;0;1;0;0;educational-materials;MIT License;;
2;0;3;1;0;0;0;1;2;0;workshop-materials;Apache License 2.0;;
0;0;22;2;1;0;1;1;0;0;learning-exercise teaching-materials;MIT License;;
4;1;5;1;0;0;0;1;4;0;workshop-materials;No License;;
2;2;6;1;2;0;2;2;2;0;self-learning;No License;;
3;1;37;2;0;0;0;1;3;10;workshop-materials;No License;;
0;5;26;2;9;1;8;5;0;3;training-material;GNU General Public License v3.0;;
0;2;4;2;2;1;1;2;0;2;training-material;GNU General Public License v3.0;;
0;2;4;2;1;0;1;2;0;1;training-material;GNU General Public License v3.0;;
0;3;4;2;2;1;1;2;0;2;training-material;GNU General Public License v3.0;;
3;0;20;1;0;0;0;1;3;0;course-materials;No License;;
0;2;16;2;23;0;23;3;0;7;university-course;MIT License;;
101;29;43;1;1;0;1;2;101;0;course-materials;No License;;
6;3;58;1;0;0;0;1;6;0;lecture-slides course-material;No License;;
11;1;196;1;0;0;0;1;11;0;textbook course-material;No License;;
12;14;3;1;0;0;0;0;12;0;textbook;No License;;
0;3;6;2;2;0;2;4;0;2;training-material;GNU General Public License v3.0;;
1;5;32;2;11;1;10;8;1;3;training-material;GNU General Public License v3.0;;
0;0;9;1;0;0;0;1;0;1;presentation-slides;Creative Commons Attribution 4.0 International;;
1;0;2;1;0;0;0;1;1;0;teaching-materials;Creative Commons Attribution 4.0 International;;
5;3;125;1;0;0;0;1;5;0;self-learning;No License;;
0;0;21;1;0;0;0;1;0;0;mooc;No License;;
0;0;5;1;0;0;0;1;0;0;course-materials teaching-materials;No License;;
0;2;14;1;0;0;0;1;0;0;teaching-materials course-materials;No License;;
0;0;24;1;0;0;0;1;0;16;textbook cc-by-sa;No License;;
2;4;56;3;2;0;2;1;2;0;course-material;Creative Commons Zero v1.0 Universal;;
0;0;2;1;0;0;0;1;0;0;training-materials;No License;;
0;0;31;1;0;0;0;1;0;0;mooc;No License;;
4;4;40;1;1;0;1;2;4;0;training-materials;Creative Commons Attribution Share Alike 4.0 International;;
1;0;11;1;0;0;0;1;1;0;textbook course-material;No License;;
0;0;1;2;0;0;0;1;0;0;presentation-slides;No License;;
1;1;12;2;0;0;0;0;1;0;presentation-slides presentation-materials;No License;;
0;0;2;1;0;0;0;1;0;0;lecture-slides;No License;;
1;3;4;1;0;0;0;1;1;0;presentation-slides;No License;;
26;7;10;1;2;0;2;2;26;0;lecture;No License;;
1;0;2;2;0;0;0;1;1;0;teaching-materials;MIT License;;
1;1;10;4;3;0;3;2;1;0;training-materials;MIT License;;
0;0;3;1;0;0;0;1;0;0;teaching-materials;Creative Commons Attribution 4.0 International;;
0;1;32;1;2;0;2;2;0;0;training-materials learning-materials;No License;;
0;0;13;4;0;0;0;1;0;0;presentation-slides;No License;;
12;4;212;3;0;0;0;1;12;0;teaching-materials course-materials;No License;;
9;4;11;1;0;0;0;1;9;0;teaching-materials;No License;;
3;1;4;1;0;0;0;1;3;0;presentation-materials presentation-slides;MIT License;;
2;1;35;2;0;0;0;1;2;0;workshop-materials;Other;No License description;
3;1;46;2;1;0;1;2;3;0;course-materials;No License;;
9;4;169;6;3;0;3;2;9;0;training-materials;MIT License;;
0;0;11;1;0;0;0;1;0;0;workshop-materials;No License;;
17;4;306;2;0;0;0;1;17;0;textbook;Other;No License description;
1;0;4;1;0;0;0;1;1;0;teaching-materials;Other;No License description;
402;124;357;4;6;0;6;2;402;0;open-educational-resources educational-materials educational-resources;Other;No License description;
0;1;10;1;0;0;0;1;0;0;learning-exercise lecture;No License;;
0;0;12;1;0;0;0;1;0;0;educational-materials;No License;;
3;2;141;1;0;0;0;1;3;0;teaching-materials;No License;;
21;12;26;1;0;0;0;2;21;0;lecture;No License;;
0;2;2804;1;1;0;1;3;0;21;oer;Other;No License description;
1;1;23;1;3;0;3;2;1;0;workshop-materials;No License;;
4;0;29;2;0;0;0;1;4;0;training-materials;MIT License;;
1;0;6;1;0;0;0;1;1;0;workshop-materials;GNU General Public License v3.0;;
0;0;29;1;0;0;0;1;0;0;training-materials;No License;;
106;28;83;1;11;0;11;3;106;3;training-materials;No License;;
59;17;1603;5;16;0;16;8;59;7;cc-by-sa;Other;No License description;
0;0;3;1;0;0;0;1;0;0;educational-resources;No License;;
67;26;313;18;86;0;86;6;67;7;teaching-materials;Other;No License description;
1;0;22;1;0;0;0;1;1;0;teaching-materials;MIT License;;
16;50;132;1;0;0;0;8;16;0;course-materials;No License;;
34;21;383;3;9;0;9;8;34;0;teaching-materials;Other;No License description;
4;3;29;1;0;0;0;1;4;0;workshop-materials;MIT License;;
0;0;759;8;0;0;0;16;0;0;textbook;No License;;
18;13;2;1;0;0;0;1;18;0;teaching-materials;GNU General Public License v3.0;;
2;0;19;1;0;0;0;1;2;0;presentation-slides;No License;;
4;7;327;1;5;1;4;3;4;1;workshop-materials;GNU General Public License v3.0;;
0;0;3;1;0;0;0;1;0;0;presentation-materials;No License;;
7;0;23;1;0;0;0;1;7;0;lecture-slides;No License;;
4;3;18;1;0;0;0;1;4;0;online-learning;No License;;
0;1;72;2;2;0;2;5;0;2;lecture;MIT License;;
0;22;23;1;2;0;2;2;0;0;teaching-materials;GNU General Public License v3.0;;
19;5;35;1;0;0;0;1;19;1;textbook cc-by;Other;No License description;
2;2;3;1;0;0;0;1;2;0;mooc;Apache License 2.0;;
0;0;4;1;0;0;0;1;0;0;university-course;No License;;
0;0;4;1;0;0;0;1;0;0;university-course;No License;;
0;1;25;1;0;0;0;1;0;0;university-course;No License;;
2;0;33;3;0;0;0;2;2;0;educational-materials;No License;;
0;0;4;1;0;0;0;1;0;0;training-materials;No License;;
0;0;17;1;0;0;0;1;0;0;educational-materials;No License;;
0;0;64;2;0;0;0;2;0;0;educational-materials;MIT License;;
16;16;8;7;1;0;1;3;16;0;teaching-materials;No License;;
3;9;5;12;0;0;0;2;3;0;teaching-materials;No License;;
3;1;81;1;2;0;2;2;3;0;teaching-materials;Other;No License description;
0;0;2;1;0;0;0;1;0;0;teaching-materials course-materials;MIT License;;
3;0;1;1;0;0;0;1;3;0;workshop-materials;MIT License;;
19;3;39;16;17;0;17;2;19;0;training-materials;No License;;
2;0;479;2;0;0;0;6;2;1;workshop-materials;No License;;
0;3;4;2;2;1;1;2;0;2;training-material;GNU General Public License v3.0;;
2;3;7;2;2;0;2;4;2;2;training-material;GNU General Public License v3.0;;
61;41;3009;5;13;0;13;6;61;13;teaching-materials;Other;No License description;
4;1;132;1;0;0;0;1;4;2;teaching-materials;Other;No License description;
55;12;118;2;13;0;13;4;55;4;training-materials;Eclipse Public License 1.0; a modern royalty-free patent license grant; and the ability for linked works to use other licenses, including commercial ones.
13;5;13;1;0;0;0;1;13;0;course-materials;GNU General Public License v3.0;;
0;0;5;1;0;0;0;0;0;0;educational-materials;No License;;
0;1;53;1;0;0;0;1;0;0;course-materials;No License;;
0;0;3;1;0;0;0;1;0;0;course-materials;No License;;
41832;4039;239;1;123;13;110;65;40000;25;cc-by;Creative Commons Attribution 4.0 International;;
0;0;5;2;0;0;0;1;0;0;course-materials;GNU General Public License v3.0;;
0;0;3;1;0;0;0;1;0;0;educational-materials;MIT License;;
0;0;19;1;0;0;0;1;0;0;workshop-materials;No License;;
0;0;9;3;0;0;0;1;0;0;workshop-materials;No License;;
4;3;497;1;0;0;0;41;4;0;course-materials;Apache License 2.0;;
0;0;4;1;0;0;0;1;0;0;presentation-slides;Creative Commons Attribution 4.0 International;;
0;0;4;1;0;0;0;1;0;0;presentation-slides;No License;;
28;14;28;2;17;0;17;5;28;0;training-materials;Other;No License description;
0;3;90;1;7;0;7;5;0;0;training-materials educational-materials;Other;No License description;
8;4;161;1;9;0;9;2;8;14;workshop-materials;Apache License 2.0;;
0;1;5;1;0;0;0;1;0;0;workshop-materials;No License;;
3;22;975;7;198;12;186;28;3;35;self-learning;MIT License;;
593;187;667;2;240;0;240;80;593;7;self-learning;MIT License;;
6;4;108;2;7;0;7;4;6;0;cc-by;No License;;
0;0;29;1;0;0;0;1;0;0;mooc;No License;;
5;3;68;1;5;1;4;5;5;21;training-materials;Other;No License description;
9;21;98;1;1;0;1;2;9;0;teaching-materials;Creative Commons Attribution 4.0 International;;
3;0;54;1;0;0;0;1;3;0;course-material;Other;No License description;
1;1;10;3;1;0;1;2;1;0;presentation-slides;No License;;
0;1;2;1;0;0;0;0;0;0;course-materials;MIT License;;
0;0;14;1;0;0;0;1;0;0;workshop-materials;No License;;
0;0;21;1;0;0;0;1;0;0;workshop-materials;No License;;
0;0;33;1;0;0;0;1;0;0;workshop-materials;MIT License;;
0;0;5;1;0;0;0;1;0;0;presentation-slides;No License;;
1;12;36;2;11;1;10;6;1;2;training-material;GNU General Public License v3.0;;
0;0;8;1;0;0;0;2;0;0;lecture-material;GNU General Public License v3.0;;
0;0;55;8;9;0;9;2;0;0;lecture;No License;;
6;35;212;31;168;0;168;28;6;7;course-materials;Other;No License description;
4;4;29;12;10;0;10;1;4;1;course-materials;Other;No License description;
1;2;78;10;10;0;10;1;1;4;course-materials;Other;No License description;
1;1;115;3;18;0;18;1;1;0;lecture-material;No License;;
5;3;35;1;2;0;2;1;5;6;teaching-materials;Other;No License description;
0;0;26;1;0;0;0;1;0;0;teaching-materials;No License;;
4;7;2;9;0;0;0;1;4;0;training-materials workshop-materials;No License;;
0;0;3;1;0;0;0;1;0;0;workshop-materials;No License;;
1;1;16;1;4;0;4;3;1;0;course-materials;MIT License;;
1;14;81;3;25;1;24;3;1;10;course-materials;Creative Commons Attribution 4.0 International;;
20;11;15;3;8;0;8;2;20;12;educational-resources;MIT License;;
7;2;37;1;5;0;5;1;7;0;training-materials;No License;;
1;0;7;1;0;0;0;1;1;0;presentation-slides;MIT License;;
10;1;15;1;0;0;0;1;10;0;workshop-materials;No License;;
2;0;1;3;0;0;0;1;1;0;presentation-slides;No License;;
0;2;29;4;7;0;7;2;0;1;workshop-materials;No License;;
0;2;48;1;0;0;0;1;0;0;workshop-materials;MIT License;;
5;20;17;4;4;0;4;5;5;0;workshop-materials;No License;;
0;0;1;6;0;0;0;0;0;0;workshop-materials;No License;;
0;37;56;1;1;0;1;1;0;0;educational-resources;MIT License;;
18;18;58;1;14;0;14;11;18;3;workshop-materials;No License;;
28;9;321;3;28;2;26;3;28;48;training-materials;Other;No License description;
0;0;7;1;0;0;0;1;0;0;textbook;No License;;
9;5;35;8;0;0;0;1;9;0;educational-materials;Apache License 2.0;;
2;0;2;1;0;0;0;1;2;0;presentation-materials;No License;;
3;0;36;4;0;0;0;1;3;0;workshop-materials;MIT License;;
4;0;18;1;0;0;0;1;4;0;workshop-materials;MIT License;;
0;0;49;1;0;0;0;1;0;0;training-materials;No License;;
10;0;82;1;0;0;0;1;10;0;training-materials;No License;;
7;8;63;4;5;0;5;2;7;0;workshop-material;No License;;
0;0;30;2;0;0;0;1;0;0;workshop-material;GNU General Public License v3.0;;
2;0;3;1;0;0;0;1;2;0;workshop-materials;GNU General Public License v2.0;;
1;0;3;1;0;0;0;1;1;0;course-materials;No License;;
36;20;67;12;11;0;11;1;36;0;training-materials;Apache License 2.0;;
0;0;4;1;0;0;0;1;0;0;lecture;No License;;
3;1;9;1;0;0;0;1;3;0;presentation-slides;MIT License;;
0;0;86;1;0;0;0;1;0;0;workshop-materials;GNU General Public License v3.0;;
0;0;32;1;0;0;0;1;0;0;workshop-materials;GNU General Public License v3.0;;
0;0;75;1;0;0;0;1;0;0;workshop-materials;GNU General Public License v3.0;;
5;4;20;1;2;0;2;3;5;4;workshop-materials;Apache License 2.0;;
17;12;219;2;0;0;0;4;17;0;workshop-materials;MIT License;;
2;2;291;3;4;0;4;3;2;0;course-materials;No License;;
0;0;12;1;0;0;0;1;0;0;training-materials;No License;;
7;6;2;1;0;0;0;1;7;0;course-materials;No License;;
297;56;38;3;14;1;13;6;297;1;teaching-materials;MIT License;;
0;0;21;1;0;0;0;1;0;0;lecture;GNU General Public License v3.0;;
0;1;372;1;0;0;0;24;0;0;course-material;Other;No License description;
1;0;47;1;0;0;0;1;1;0;teaching-materials;MIT License;;
1;54;15;1;10;5;5;1;1;5;teaching-materials;No License;;
36;59;225;3;3;1;2;1;36;1;mooc;GNU General Public License v3.0;;
0;2;19;2;6;1;5;5;0;2;training-material;GNU General Public License v3.0;;
4;3;16;4;1;0;1;2;4;0;workshop-materials;No License;;
0;0;3;3;2;2;0;1;0;2;workshop-materials;No License;;
0;2;2;2;1;1;0;1;0;2;training-material;GNU General Public License v3.0;;
1;3;18;2;8;1;7;3;1;2;training-material;GNU General Public License v3.0;;
0;0;2;2;0;0;0;1;0;1;training-material;GNU General Public License v3.0;;
2;6;20;2;9;1;8;7;2;3;training-material;GNU General Public License v3.0;;
1;1;4;1;0;0;0;1;1;0;teaching-materials;MIT License;;
0;0;14;1;0;0;0;1;0;0;educational-materials educational-resources teaching-materials;GNU General Public License v3.0;;
0;0;10;1;0;0;0;1;0;0;teaching-materials;No License;;
0;2;392;1;0;0;0;3;0;0;university-course;No License;;
8;4;97;1;4;0;4;1;8;0;training-materials;GNU General Public License v3.0;;
13;17;319;4;103;0;103;13;13;0;course-materials;No License;;
0;0;49;1;0;0;0;1;0;53;teaching-materials;No License;;
0;0;29;1;0;0;0;1;0;5;teaching-materials;No License;;
0;0;7;2;0;0;0;1;0;1;teaching-materials learning-materials;MIT License;;
0;1;2;1;1;1;0;1;0;1;course-materials;No License;;
1;0;28;1;0;0;0;1;1;0;course-materials;MIT License;;
1;0;8;1;0;0;0;1;1;0;lecture;No License;;
6;5;59;1;0;0;0;1;6;0;course-materials;No License;;
3;1;231;1;0;0;0;2;3;0;educational-materials;"BSD 2-Clause ""Simplified"" License";;
1;1;18;1;1;0;1;1;1;0;university-course;GNU General Public License v3.0;;
0;0;41;1;0;0;0;1;0;0;university-course;MIT License;;
0;0;24;1;0;0;0;1;0;0;training-materials;No License;;
2;0;13;1;0;0;0;1;2;0;teaching-material;No License;;
0;0;40;2;2;0;2;1;0;0;cc-by;Creative Commons Attribution 4.0 International;;
0;9;16;2;9;2;7;6;0;4;training-material;GNU General Public License v3.0;;
3;1;9;2;0;0;0;2;3;0;teaching-materials;No License;;
0;0;3;1;0;0;0;1;0;0;lecture-slides;No License;;
1;0;60;3;4;1;3;1;1;7;learning-material;No License;;
4;1;9;1;1;0;1;2;4;1;training-materials;Other;No License description;
5;1;3;1;0;0;0;1;5;0;workshop-materials;No License;;
0;0;14;1;0;0;0;1;0;0;workshop-materials;No License;;
2;1;6;1;0;0;0;1;2;0;educational-materials;No License;;
0;0;3;1;0;0;0;1;0;0;lecture;No License;;
0;0;18;1;0;0;0;1;0;0;lecture;No License;;
13;13;23;1;1;0;1;3;13;0;educational-materials;No License;;
1;0;3;1;0;0;0;1;1;0;teaching-materials;Creative Commons Attribution 4.0 International;;
0;2;43;1;0;0;0;1;0;0;teaching-materials;Creative Commons Attribution 4.0 International;;
0;0;3;1;0;0;0;1;0;0;teaching-materials;Creative Commons Attribution 4.0 International;;
0;0;7;1;0;0;0;1;0;0;presentation-slides;MIT License;;
0;0;2;1;0;0;0;1;0;0;teaching-materials;Creative Commons Attribution 4.0 International;;
24;12;200;1;0;0;0;2;23;2;textbook;No License;;
0;3;22;1;2;0;2;1;0;0;teaching-materials;Creative Commons Attribution 4.0 International;;
13;86;134;16;18;1;17;1;13;13;course-materials;Other;No License description;
1;3;11;1;0;0;0;1;1;0;workshop-materials;No License;;
1;1;94;2;8;0;8;1;1;0;workshop-materials;No License;;
0;0;118;2;0;0;0;2;0;0;course-materials;MIT License;;
1;2;16;1;1;0;1;2;1;1;teaching-materials;No License;;
0;0;25;3;2;2;0;1;0;2;teaching-materials;MIT License;;
3;3;151;2;2;0;2;3;3;1;workshop-materials;MIT License;;
0;3;14;2;6;1;5;4;0;2;training-material;GNU General Public License v3.0;;
1;14;52;2;16;0;16;14;1;6;training-material;GNU General Public License v3.0;;
0;4;11;2;4;1;3;3;0;2;training-material;GNU General Public License v3.0;;
0;0;4;1;0;0;0;2;0;0;teaching-materials;No License;;
35;70;2871;1;329;0;329;57;35;40;teaching-materials;Creative Commons Attribution Share Alike 4.0 International;;
2;3;85;3;2;0;2;2;2;0;teaching-materials;No License;;
12;12;405;1;21;0;21;3;12;0;teaching-materials;Creative Commons Attribution Share Alike 4.0 International;;
3;1;3;1;1;1;0;1;3;1;workshop-materials;No License;;
0;3;31;1;1;1;0;1;0;1;course-materials;No License;;
1;1;5;1;0;0;0;1;1;0;workshop-materials;MIT License;;
1;0;55;1;0;0;0;1;1;0;training-materials;MIT License;;
0;0;11;1;0;0;0;1;0;0;course-materials;No License;;
0;3;48;1;0;0;0;1;0;0;course-materials;No License;;
0;0;30;1;0;0;0;1;0;0;course-materials;No License;;
0;2;97;1;0;0;0;1;0;0;course-materials;No License;;
0;0;92;1;0;0;0;1;0;0;course-materials;No License;;
0;0;42;1;0;0;0;1;0;0;course-materials;No License;;
0;4;2;4;4;0;4;1;0;1;university-course;MIT License;;
0;0;8;1;0;0;0;1;0;0;teaching-materials;No License;;
2;0;13;3;3;0;3;1;2;0;presentation-slides presentation-materials;MIT License;;
0;0;24;1;0;0;0;1;0;0;educational-materials educational-resources;MIT License;;
0;0;4;1;0;0;0;1;0;0;educational-resources;MIT License;;
0;0;20;1;0;0;0;0;0;0;educational-materials;No License;;
44;54;72;1;5;0;5;3;42;0;training-materials;No License;;
0;0;66;1;0;0;0;1;0;0;workshop-materials;GNU General Public License v3.0;;
2;0;106;1;0;0;0;1;2;0;workshop-materials;GNU General Public License v3.0;;
1;0;69;1;0;0;0;1;1;0;workshop-materials;GNU General Public License v3.0;;
0;1;136;1;0;0;0;1;0;0;workshop-materials;No License;;
11;1;31;1;0;0;0;1;11;0;workshop-materials;GNU General Public License v3.0;;
1;0;32;1;0;0;0;1;1;0;workshop-materials;GNU General Public License v3.0;;
0;0;107;1;0;0;0;1;0;0;workshop-materials;GNU General Public License v3.0;;
0;0;26;1;0;0;0;1;0;0;workshop-materials;GNU General Public License v3.0;;
0;0;75;1;0;0;0;1;0;0;workshop-materials;No License;;
0;0;121;1;0;0;0;1;0;0;workshop-materials;GNU General Public License v3.0;;
1;0;17;1;0;0;0;1;1;0;workshop-materials;GNU General Public License v3.0;;
1;0;199;1;0;0;0;1;1;0;workshop-materials;GNU General Public License v3.0;;
1;0;19;1;1;0;1;1;1;0;training-materials;The Unlicense;;
0;1;17;1;1;0;1;2;0;0;lecture-slides;No License;;
0;0;11;1;0;0;0;1;0;0;lecture;No License;;
0;0;3;1;0;0;0;1;0;0;teaching-materials;GNU General Public License v3.0;;
194;1109;46;1;9;1;8;6;194;2;training-materials;No License;;
86;162;374;6;104;0;104;18;86;8;teaching-materials;Apache License 2.0;;
1;0;78;1;0;0;0;1;1;0;university-course;No License;;
0;1;88;1;16;1;15;7;0;1;teaching-materials;No License;;
0;0;34;1;1;0;1;2;0;0;teaching-materials learning-materials;MIT License;;
12;106;4031;7;1028;18;1010;107;12;35;self-learning;MIT License;;
0;0;7;2;0;0;0;1;0;0;university-course;No License;;
3;0;29;3;0;0;0;1;3;0;training-materials;MIT License;;
0;0;36;1;2;0;2;1;0;0;learning-materials;No License;;
0;1;544;1;0;0;0;1;0;6;teaching-materials;Other;No License description;
7;1;151;1;1;0;1;2;7;0;training-materials;Other;No License description;
0;1;34;2;1;0;1;2;0;0;workshop-materials;No License;;
12;4;5;1;0;0;0;1;12;0;training-materials;Apache License 2.0;;
26;2;205;1;0;0;0;2;26;0;training-materials;Apache License 2.0;;
2;0;5;1;0;0;0;1;2;0;training-materials;No License;;
3;1;20;6;0;0;0;1;3;0;workshop-materials;No License;;
1;1;7;1;0;0;0;1;1;0;workshop-materials;No License;;
4;0;26;1;1;0;1;1;4;0;workshop-materials;No License;;
1;0;8;2;1;1;0;1;1;1;presentation-slides;No License;;
0;0;3;3;2;2;0;1;0;2;presentation-slides;No License;;
0;0;12;3;2;2;0;1;0;2;presentation-slides;No License;;
1;7;9;2;5;1;4;5;1;2;training-material;GNU General Public License v3.0;;
10;2;14;3;4;2;2;2;10;2;teaching-materials;MIT License;;
3;0;22;2;2;0;2;1;3;0;presentation-slides;No License;;
1;0;41;1;0;0;0;1;1;0;training-materials teaching-materials;MIT License;;
0;0;1;1;0;0;0;0;0;0;workshop-materials;MIT License;;
1;0;20;1;0;0;0;1;1;0;teaching-materials;GNU General Public License v3.0;;
3;1;35;1;0;0;0;1;3;1;teaching-materials;MIT License;;
16;4;2;1;0;0;0;0;16;0;presentation-slides;No License;;
3;0;17;1;0;0;0;1;3;0;teaching-materials;MIT License;;
79;35;5544;6;89;1;88;70;79;12;cc-by;Creative Commons Attribution 4.0 International;;
7;17;202;1;35;3;32;15;7;30;training-materials;MIT License;;
4;0;24;1;0;0;0;1;4;0;teaching-materials;No License;;
27;25;59;1;0;0;0;1;27;0;teaching-materials;No License;;
1;0;138;1;0;0;0;3;1;0;course-materials;Other;No License description;
9;1;95;2;7;1;6;4;9;9;teaching-materials;No License;;
0;0;9;1;0;0;0;1;0;0;teaching-materials;No License;;
0;0;3;1;0;0;0;1;0;0;teaching-materials;No License;;
0;2;13;1;0;0;0;1;0;0;teaching-materials;MIT License;;
6;1;12;1;0;0;0;0;6;0;teaching-materials;MIT License;;
1546;356;108;1;6;0;6;5;1546;3;teaching-materials;MIT License;;
0;9;3309;1;173;0;173;10;0;2;oer;Creative Commons Attribution Share Alike 4.0 International;;
1;5;19;1;0;0;0;1;1;0;mooc;MIT License;;
0;2;484;1;0;0;0;1;0;24;oer;Other;No License description;
0;0;5;1;0;0;0;2;0;0;teaching-materials;GNU General Public License v3.0;;
1;0;12;1;0;0;0;1;1;0;teaching-materials learning-exercise;MIT License;;
188;180;2593;5;383;3;380;88;188;33;training-materials;Other;No License description;
3;1;16;1;0;0;0;1;3;0;course-materials;No License;;
10;1;66;1;3;0;3;1;10;0;lecture-material lecture;"BSD 3-Clause ""New"" or ""Revised"" License";;
1;0;71;3;3;0;3;1;1;0;lecture;No License;;
4;1;58;4;4;0;4;1;4;0;lecture;No License;;
1;1;85;1;1;0;1;2;1;0;lecture;No License;;
0;1;28;1;8;0;8;2;0;0;lecture-slides;Creative Commons Attribution Share Alike 4.0 International;;
0;1;4;1;0;0;0;1;0;0;lecture;No License;;
0;0;2;1;0;0;0;1;0;0;lecture;No License;;
1091;520;539;2;26;1;25;7;1091;3;lecture;MIT License;;
5;4;410;2;0;0;0;2;5;6;lecture-material;Creative Commons Zero v1.0 Universal;;
36;31;138;6;1;0;1;3;36;7;lecture;No License;;
0;0;13;1;0;0;0;1;0;0;lecture-material lecture-slides;MIT License;;
0;0;73;1;0;0;0;1;0;0;teaching-materials;Creative Commons Attribution Share Alike 4.0 International;;
8;6;158;1;4;0;4;2;8;9;training-materials;Eclipse Public License 1.0; a modern royalty-free patent license grant; and the ability for linked works to use other licenses, including commercial ones.
1;0;26;1;0;0;0;1;1;0;workshop-materials;MIT License;;
2;6;15;2;6;1;5;5;2;3;training-material;GNU General Public License v3.0;;
0;1;14;2;1;0;1;2;0;2;presentation-slides;MIT License;;
0;0;51;1;0;0;0;4;0;0;lecture;MIT License;;
41;38;10;1;0;0;0;1;41;0;study-resources;No License;;
0;0;28;1;0;0;0;1;0;0;training-materials;Apache License 2.0;;
0;0;6;1;0;0;0;2;0;0;educational-materials;No License;;
0;0;4;1;0;0;0;1;0;0;educational-materials;No License;;
1;0;16;1;0;0;0;1;1;0;mooc;MIT License;;
2;2;35;3;3;0;3;2;2;0;lecture;Other;No License description;
14;12;2;1;0;0;0;1;14;0;teaching-materials;GNU General Public License v3.0;;
0;3;6;2;2;0;2;4;0;1;training-material;GNU General Public License v3.0;;
0;2;8;2;4;1;3;4;0;2;training-material;GNU General Public License v3.0;;
0;4;13;2;5;0;5;7;0;1;training-material;GNU General Public License v3.0;;
1;7;29;2;11;1;10;5;0;2;training-material;GNU General Public License v3.0;;
0;3;11;2;5;1;4;4;0;2;training-material;GNU General Public License v3.0;;
0;3;17;2;6;0;6;5;0;1;training-material;GNU General Public License v3.0;;
10;8;163;4;3;2;1;1;10;2;workshop-materials;Other;No License description;
2;0;9;2;2;0;2;1;2;0;presentation-slides;No License;;
0;0;5;1;0;0;0;1;0;0;presentation-slides;No License;;
6;3;68;2;5;0;5;2;6;5;course-materials;Other;No License description;
1;2;50;1;3;0;3;2;1;0;educational-materials;No License;;
14;6;67;1;0;0;0;1;14;2;lecture-material;MIT License;;
0;1;2;1;0;0;0;1;0;0;teaching-materials;No License;;
7;2;20;1;2;0;2;3;7;0;presentation-materials;MIT License;;
5;6;193;1;7;0;7;2;5;0;workshop-materials;No License;;
0;1;5;4;0;0;0;1;0;0;workshop-materials;No License;;
0;0;11;1;0;0;0;1;0;0;teaching-materials;No License;;
0;0;14;1;0;0;0;1;0;0;textbook cc-by;Other;No License description;
0;3;13;2;1;0;1;2;0;1;training-material;GNU General Public License v3.0;;
8;2;12;1;0;0;0;1;8;0;university-course;No License;;
6;2;72;1;0;0;0;2;6;0;course-materials;No License;;
107;98;73;1;5;1;4;1;107;1;course-materials;GNU General Public License v3.0;;
55;175;85;1;7;0;7;1;55;0;course-materials;MIT License;;
0;1;18;1;0;0;0;1;0;0;workshop-materials;No License;;
346;191;899;1;8;0;8;9;346;35;course-materials;No License;;
46;27;110;1;28;0;28;3;46;2;workshop-materials;Apache License 2.0;;
1;6;17;2;2;0;2;1;1;0;workshop-materials;Other;No License description;
3;0;45;1;0;0;0;1;3;0;lecture-material;Other;No License description;
0;0;32;1;0;0;0;1;0;0;course-materials;No License;;
2;1;66;1;0;0;0;2;2;0;course-materials;MIT License;;
1;0;39;1;0;0;0;2;1;0;course-materials;MIT License;;
1;0;63;1;0;0;0;2;1;0;course-materials;MIT License;;
3;5;264;2;1;0;1;3;3;1;lecture-material;MIT License;;
2;17;35;1;0;0;0;1;2;0;mooc;No License;;
0;0;22;1;0;0;0;1;0;0;presentation-materials;No License;;
0;0;8;1;0;0;0;1;0;0;presentation-materials;No License;;
0;0;15;2;1;0;1;2;0;0;workshop-materials;No License;;
0;0;25;1;0;0;0;1;0;0;lecture-material;No License;;
4;2;35;1;0;0;0;1;4;0;workshop-materials;Creative Commons Attribution Share Alike 4.0 International;;
2;0;21;1;0;0;0;1;2;0;course-materials;Apache License 2.0;;
1;0;5;2;0;0;0;1;1;0;presentation-slides;No License;;
2;0;15;1;0;0;0;1;2;1;oer;MIT License;;
406;181;190;11;1;0;1;0;406;39;mooc;Other;No License description;
2;3;12;3;2;0;2;1;2;7;training-materials;Apache License 2.0;;
3;2;19;2;3;0;3;4;3;0;training-materials;Other;No License description;
0;0;58;1;0;0;0;1;0;2;workshop-materials;No License;;
0;0;10;1;0;0;0;1;0;0;teaching-materials oer;No License;;
22;4;3;1;0;0;0;2;22;0;teaching-materials;MIT License;;
0;0;5;1;0;0;0;1;0;0;teaching-materials presentation-slides;No License;;
0;1;13;1;0;0;0;1;0;0;educational-materials;No License;;
2;1;16;1;0;0;0;1;2;0;lecture;No License;;
0;0;3;1;0;0;0;0;0;0;training-materials;No License;;
0;0;9;15;14;14;0;0;0;14;teaching-materials;No License;;
0;0;3;1;0;0;0;0;0;0;training-materials;No License;;
1;3;12;1;0;0;0;1;1;0;lecture-slides;No License;;
0;0;22;1;0;0;0;1;0;0;course-material;Apache License 2.0;;
57;99;973;4;60;0;60;28;57;0;university-course;Other;No License description;
14;37;255;2;73;0;73;36;14;0;university-course;No License;;
0;0;9;1;0;0;0;1;0;0;university-course;No License;;
3;5;181;2;4;0;4;1;3;0;teaching-materials;MIT License;;
1;0;5;43;0;0;0;1;1;0;university-course;Other;No License description;
1;0;3;43;1;0;1;1;1;0;university-course;Other;No License description;
13;62;282;34;313;1;312;47;13;1;course-materials;Other;No License description;
7;43;274;34;283;0;283;42;7;3;course-materials;Other;No License description;
11;50;244;26;224;0;224;49;11;3;course-materials;Other;No License description;
47;6;36;1;6;0;6;4;47;0;textbook;Creative Commons Attribution Share Alike 4.0 International;;
1;1;10;1;4;0;4;1;1;0;workshop-material;GNU General Public License v3.0;;
0;2;15;2;6;1;5;4;0;2;training-material;GNU General Public License v3.0;;
10;4;7;1;4;0;4;2;10;0;workshop-materials;No License;;
11;4;17;1;0;0;0;1;11;0;moocs;No License;;
0;35;8;1;0;0;0;1;0;0;training-materials;No License;;
0;35;22;3;2;2;0;1;0;2;training-materials;No License;;
0;14;2;3;0;0;0;1;0;0;training-materials;No License;;
0;35;35;2;1;1;0;2;0;1;training-materials;No License;;
0;0;6;1;0;0;0;1;0;0;educational-materials;MIT License;;
0;2;55;1;0;0;0;1;0;0;training-materials;Apache License 2.0;;
6;0;63;2;13;0;13;2;6;3;workshop-materials;MIT License;;
53;14;33;1;3;0;3;5;53;1;training-materials;No License;;
4;0;56;2;4;0;4;1;4;0;oer;No License;;
0;0;2;1;0;0;0;1;0;0;course-materials;MIT License;;
2;2;100;1;0;0;0;1;2;0;workshop-materials;Creative Commons Attribution Share Alike 4.0 International;;
2;1;42;1;1;0;1;2;2;0;presentation-slides;MIT License;;
6;6;8;4;0;0;0;1;6;0;workshop-materials;No License;;
1;1;156;1;0;0;0;1;1;0;training-materials;No License;;
5;1;319;3;2;2;0;1;5;2;self-learning;No License;;
81;17;239;4;47;0;47;7;81;25;workshop-materials;Creative Commons Attribution Share Alike 4.0 International;;
0;0;27;1;0;0;0;1;0;0;workshop-materials;GNU General Public License v3.0;;
14;12;12;6;2;2;0;1;14;2;course-materials;MIT License;;
2;6;24;2;10;1;9;6;2;2;training-material;GNU General Public License v3.0;;
1;0;6;1;1;0;1;2;1;0;presentation-slides;MIT License;;
0;0;2;1;0;0;0;1;0;0;educational-resources learning-exercise;MIT License;;
1;1;24;1;1;0;1;4;1;0;mooc;No License;;
3;0;48;1;0;0;0;1;3;0;lecture;MIT License;;
0;1;71;4;7;0;7;2;0;24;learning-material;No License;;
1;1;55;2;5;0;5;2;1;0;university-coursework;The Unlicense;;
8;33;52;1;1;0;1;1;8;0;teaching-materials;MIT License;;
1;0;1;1;0;0;0;1;1;0;course-materials;No License;;
0;0;7;1;0;0;0;1;0;0;teaching-materials;Apache License 2.0;;
0;0;4;1;0;0;0;1;0;0;moocs;No License;;
0;0;4;1;0;0;0;1;0;0;moocs;No License;;
0;0;6;1;0;0;0;1;0;0;moocs;No License;;
0;0;6;1;0;0;0;1;0;0;moocs;No License;;
264;54;273;2;39;0;39;17;264;1;workshop-materials;Apache License 2.0;;
12;10;40;1;1;0;1;1;12;2;textbook cc-by;Other;No License description;
1;116;1013;1;224;0;224;9;1;0;teaching-materials textbook;Other;No License description;
7;1;9;1;0;0;0;1;7;0;workshop-materials;MIT License;;
2;0;9;1;0;0;0;1;2;0;workshop-materials;MIT License;;
4;1;51;1;1;0;1;1;4;0;university-course;No License;;
2;0;26;1;2;0;2;1;2;1;oer;MIT License;;
0;0;18;1;0;0;0;1;0;0;presentation-materials;Creative Commons Attribution Share Alike 4.0 International;;
4;14;49;1;12;1;11;11;4;9;self-learning;MIT License;;
2;0;43;1;0;0;0;1;2;0;training-materials;The Unlicense;;
41;9;13;1;0;0;0;1;41;0;teaching-materials;No License;;
0;1;12;1;0;0;0;1;0;0;course-materials;Other;No License description;
5;0;104;1;0;0;0;1;5;1;course-materials;Other;No License description;
0;3;4;2;2;1;1;2;0;2;training-material;GNU General Public License v3.0;;
0;1;2;2;0;0;0;1;0;1;training-material;GNU General Public License v3.0;;
0;1;3;2;0;0;0;2;0;1;training-material;GNU General Public License v3.0;;
0;0;55;1;0;0;0;1;0;0;educational-materials;MIT License;;
0;2;86;3;0;0;0;1;0;0;course-materials;GNU General Public License v3.0;;
0;1;28;1;0;0;0;1;0;0;textbook cc-by;Other;No License description;
0;0;2;1;0;0;0;1;0;0;presentation-slides;The Unlicense;;
0;0;2394;2;1;1;0;251;0;1;presentation-slides;MIT License;;
3;0;67;1;1;0;1;2;3;0;presentation-slides;MIT License;;
4;2;103;1;2;0;2;3;4;1;presentation-materials;Apache License 2.0;;
252;27;40;1;1;0;1;2;252;0;presentation-materials presentation-slides;No License;;
0;0;12;1;0;0;0;1;0;0;presentation-slides presentation-materials;The Unlicense;;
0;3;70;1;0;0;0;1;0;0;presentation-materials;No License;;
0;0;2;1;0;0;0;1;0;0;educational-materials teaching-materials;Other;No License description;
0;0;7;1;0;0;0;1;0;0;workshop-materials;No License;;
0;0;17;2;0;0;0;1;0;1;cc-by;Other;No License description;
11;1;376;1;0;0;0;1;11;0;course-materials;MIT License;;
1;0;48;1;0;0;0;1;1;0;lecture;No License;;
3;0;33;1;0;0;0;1;3;0;workshop-materials;Other;No License description;
0;14;79;1;16;0;16;14;0;0;course-materials;MIT License;;
16;9;32;1;0;0;0;2;16;2;oer;Creative Commons Attribution Share Alike 4.0 International;;
1;0;20;1;0;0;0;1;1;0;textbook cc-by;Other;No License description;
0;0;70;1;0;0;0;1;0;0;teaching-materials presentation-materials;GNU General Public License v3.0;;
962;868;1358;7;176;1;175;49;962;49;course-materials oer mooc;No License;;
0;0;6;1;0;0;0;1;0;0;training-materials;No License;;
355;69;43;5;10;3;7;2;355;4;mooc;Other;No License description;
5;3;31;1;0;0;0;2;5;0;training-materials;No License;;
1;0;13;2;1;0;1;1;1;0;workshop-materials;MIT License;;
12;13;860;1;4;0;4;3;12;2;teaching-materials;Other;No License description;
5;2;5;1;0;0;0;1;5;0;presentation-materials presentation-slides;MIT License;;
0;1;45;3;0;0;0;1;0;0;educational-materials;No License;;
24;39;183;2;3;0;3;11;24;7;training-materials;The Unlicense;;
13;15;185;1;2;0;2;10;12;11;training-materials;The Unlicense;;
1;1;56;1;1;0;1;0;1;0;course-materials;MIT License;;
9;4;267;2;10;0;10;6;9;6;course-materials;Other;No License description;
23;10;123;1;0;0;0;1;23;0;teaching-materials;Other;No License description;
4;12;15;1;1;0;1;1;4;0;teaching-materials;Creative Commons Attribution 4.0 International;;
5;3;139;2;40;2;38;4;5;12;teaching-materials;Apache License 2.0;;
2;1;50;1;1;1;0;1;2;1;educational-materials training-material;Apache License 2.0;;
11;9;55;4;5;2;3;3;11;7;training-materials workshop-materials;Other;No License description;
0;0;8;1;0;0;0;1;0;0;workshop-materials;No License;;
0;12;50;1;0;0;0;6;0;0;workshop-materials;No License;;
2;29;2604;3;105;1;104;20;2;6;training-materials;No License;;
2;1;55;1;0;0;0;4;2;0;teaching-materials;No License;;
3;1;95;1;2;0;2;2;3;0;teaching-materials;Other;No License description;
1;1;12;1;0;0;0;1;1;0;teaching-materials;MIT License;;
2;1;26;1;0;0;0;1;2;0;teaching-materials;MIT License;;
1;1;30;1;0;0;0;1;1;0;teaching-materials;MIT License;;
0;0;100;1;0;0;0;1;0;0;educational-materials;MIT License;;
0;0;37;1;1;0;1;2;0;0;teaching-materials;MIT License;;
1;1;17;1;0;0;0;1;1;0;training-materials;No License;;
2;0;27;1;0;0;0;1;2;0;workshop-materials;No License;;
0;0;9;1;0;0;0;1;0;0;workshop-materials;No License;;
12;7;409;1;1;0;1;2;12;0;textbook;Other;No License description;
0;0;2;1;0;0;0;1;0;0;lecture lecture-material lecture-slides;MIT License;;
12;2;3;1;0;0;0;1;12;0;teaching-materials;MIT License;;
10;13;190;2;44;1;43;8;10;45;university-course;MIT License;;
16;24;1015;2;249;0;249;10;16;8;teaching-materials;Other;No License description;
0;0;5;2;0;0;0;1;0;0;oer open-educational-resources;GNU General Public License v3.0;;
0;0;4;3;2;2;0;1;0;2;teaching-materials;MIT License;;
0;0;42;8;37;2;35;2;0;2;training-materials;MIT License;;
0;0;13;4;3;3;0;1;0;3;training-materials;MIT License;;
4;19;148;6;6;3;3;1;4;3;training-materials;GNU General Public License v3.0;;
0;0;2;1;0;0;0;1;0;0;lecture;No License;;
1;0;12;1;0;0;0;1;1;1;presentation-slides;No License;;
0;6;19;2;7;1;6;5;0;2;training-material;GNU General Public License v3.0;;
0;0;5;11;0;0;0;1;0;0;textbook;No License;;
0;0;15;1;0;0;0;1;0;0;workshop-materials;No License;;
21;16;50;1;2;0;2;6;21;0;teaching-materials;GNU Affero General Public License v3.0;;
4;4;107;1;4;1;3;4;4;2;workshop-materials;No License;;
12;20;2020;2;119;0;119;16;12;8;teaching-materials oer open-educational-resources;No License;;
0;0;26;1;1;0;1;1;0;0;educational-materials;MIT License;;
2;2;31;2;1;1;0;1;2;1;training-materials;No License;;
26;19;34;1;4;0;4;3;26;2;workshop-materials;Creative Commons Zero v1.0 Universal;;
1;0;4;1;0;0;0;1;1;0;course-materials;No License;;
1024;271;139;1;2;0;2;3;1024;1;self-learning moocs;The Unlicense;;
1;0;3;1;0;0;0;1;1;0;workshop-materials;Other;No License description;
1;0;10;1;0;0;0;1;1;0;workshop-materials;No License;;
0;1;6;2;1;0;1;2;0;1;training-material;GNU General Public License v3.0;;
1;0;5;1;0;0;0;1;1;0;teaching-materials;No License;;
0;0;13;1;0;0;0;2;0;0;workshop-materials;No License;;
0;0;27;1;0;0;0;1;0;0;educational-resources;The Unlicense;;
0;1;4;1;0;0;0;1;0;0;training-materials;Other;No License description;
12;2;80;5;4;0;4;2;12;3;textbook;GNU General Public License v3.0;;
9;3;13;1;0;0;0;1;9;0;workshop-materials;No License;;
1;0;7;1;0;0;0;1;1;0;lecture-slides lecture-material;Apache License 2.0;;
8;11;2;1;0;0;0;1;8;0;training-materials;No License;;
7;6;21;1;2;0;2;1;7;0;workshop-materials;No License;;
0;1;5;1;0;0;0;1;0;0;training-materials;GNU General Public License v3.0;;
0;1;27;1;0;0;0;1;0;0;presentation-slides;No License;;
0;0;13;1;0;0;0;1;0;0;moocs;No License;;
0;0;9;1;1;0;1;1;0;0;moocs;No License;;
2;4;15;1;1;0;1;3;2;0;teaching-materials;No License;;
0;1;26;1;0;0;0;1;0;0;lecture-slides;No License;;
0;0;65;1;2;0;2;1;0;0;course-materials learning-material;Other;No License description;
0;0;89;1;0;0;0;1;0;0;open-education-resources;MIT License;;
23;11;17;1;1;0;1;1;23;0;lecture;No License;;
0;0;2;2;0;0;0;1;0;0;teaching-material;No License;;
1;1;38;1;0;0;0;1;1;0;training-materials;No License;;
0;0;19;1;0;0;0;1;0;0;educational-resources;No License;;
0;1;9;1;0;0;0;1;0;0;training-materials;No License;;
1;0;45;1;0;0;0;3;1;0;training-materials;GNU General Public License v3.0;;
44;23;384;6;42;0;42;10;44;0;course-materials;Other;No License description;
5;1;904;1;0;0;0;1;5;0;self-learning;No License;;
1;0;16;1;0;0;0;1;1;0;learning-materials;No License;;
1582;944;236;1;2;2;0;1;1582;6;lecture-material;No License;;
5;6;4;2;1;0;1;1;5;0;self-learning;Apache License 2.0;;
47;80;2889;5;547;0;547;12;47;46;teaching-materials;Other;No License description;
2;1;57;1;0;0;0;2;2;0;oer;No License;;
8;2;590;1;0;0;0;1;8;0;oer;No License;;
0;0;3;1;0;0;0;1;0;0;lecture;No License;;
1;4;13;2;4;0;4;5;1;1;training-material;GNU General Public License v3.0;;
2;10;39;2;11;0;11;11;2;3;training-material;GNU General Public License v3.0;;
0;4;16;2;6;1;5;4;0;3;training-material;GNU General Public License v3.0;;
1;1;70;2;0;0;0;1;1;0;workshop-materials;No License;;
1;17;22;2;1;0;1;1;1;0;workshop-materials;MIT License;;
4;10;20;1;0;0;0;1;4;0;teaching-materials;No License;;
3;5;4;1;0;0;0;1;3;0;teaching-materials;MIT License;;
100;40;269;2;10;0;10;3;100;0;open-educational-resources open-education-resources;Other;No License description;
2;0;5;1;0;0;0;1;2;0;teaching-materials;No License;;
18;4;28;1;0;0;0;1;18;0;textbook;No License;;
2;0;44;3;0;0;0;1;2;0;presentation-slides;No License;;
14;18;485;21;60;2;58;28;14;16;mooc;Other;No License description;
3;1;12;1;0;0;0;1;3;0;teaching-materials;No License;;
4;2;26;1;1;0;1;2;4;0;course-materials;Other;No License description;
1;9;17;1;0;0;0;1;1;0;course-materials;Other;No License description;
1;0;27;1;0;0;0;1;1;0;presentation-slides;No License;;
3;0;3;1;0;0;0;1;3;0;presentation-slides;No License;;
14;13;47;1;3;0;3;4;14;0;workshop-materials;MIT License;;
1056;564;502;2;30;2;28;21;1056;20;teaching-materials;GNU Affero General Public License v3.0;;
4;2;46;1;0;0;0;1;4;0;lecture-material;Other;No License description;
0;0;15;2;0;0;0;1;0;0;teaching-materials;No License;;
7;21;140;17;88;0;88;20;7;2;university-course;Other;No License description;
8;2;68;1;0;0;0;1;8;0;educational-materials;MIT License;;
0;1;41;1;0;0;0;1;0;0;educational-materials;MIT License;;
0;0;6;1;0;0;0;1;0;0;workshop-materials;No License;;
0;1;49;2;0;0;0;1;0;16;textbook;No License;;
1;2;38;2;2;0;2;3;1;0;educational-materials;MIT License;;
0;1;6;1;0;0;0;1;0;0;learning-materials;No License;;
9569;4320;106;1;45;21;24;1;9569;87;course-materials;MIT License;;
0;1;86;2;1;0;1;2;0;0;training-materials;Other;No License description;
5;2;40;1;0;0;0;1;5;1;textbook cc-by;Other;No License description;
42;15;77;1;0;0;0;1;42;0;oer;Creative Commons Zero v1.0 Universal;;
0;0;198;3;3;1;2;5;0;1;university-course;No License;;
0;0;5;1;0;0;0;1;0;0;university-course;No License;;
10;4;39;1;0;0;0;1;10;0;lecture course-materials;No License;;
1;0;34;1;0;0;0;1;1;15;teaching-materials;No License;;
4;0;14;1;0;0;0;1;4;1;training-materials;Creative Commons Attribution Share Alike 4.0 International;;
12;2;79;1;0;0;0;1;12;0;learning-materials;No License;;
0;0;10;1;0;0;0;1;0;0;teaching-materials;MIT License;;
0;2;51;5;11;0;11;5;0;1;course-materials;No License;;
0;0;3;1;0;0;0;1;0;0;teaching-materials;No License;;
1;1;28;1;0;0;0;2;1;0;oer;No License;;
0;0;72;1;0;0;0;3;0;0;presentation-slides;GNU General Public License v3.0;;
2;1;104;1;0;0;0;1;2;1;course-materials teaching-materials;Other;No License description;
0;0;94;2;0;0;0;1;0;0;lecture;GNU General Public License v3.0;;
0;0;47;1;0;0;0;1;0;0;lecture;GNU General Public License v3.0;;
4;3;32;3;11;0;11;1;4;0;workshop-materials;GNU General Public License v3.0;;
0;1;21;1;0;0;0;1;0;0;course-materials;Creative Commons Zero v1.0 Universal;;
6;10;134;1;0;0;0;1;6;11;teaching-materials;MIT License;;
14;1;18;1;0;0;0;1;14;0;teaching-materials;MIT License;;
1;0;94;3;2;2;0;1;1;2;training-materials;GNU General Public License v3.0;;
2;0;60;1;0;0;0;2;2;0;presentation-materials;MIT License;;
0;0;263;1;0;0;0;1;0;0;teaching-materials;No License;;
1;0;15;1;0;0;0;1;1;0;presentation-slides;Other;No License description;
2;1;7;1;2;0;2;1;2;0;workshop-materials;GNU General Public License v3.0;;
6;3;28;1;0;0;0;1;6;0;presentation-slides;Creative Commons Attribution Share Alike 4.0 International;;
0;0;14;4;0;0;0;1;0;0;presentation-slides;No License;;
4;0;4;1;0;0;0;1;4;0;presentation-slides;Creative Commons Attribution Share Alike 4.0 International;;
1;0;2;1;0;0;0;1;1;0;workshop-materials;No License;;
6;70;11;2;0;0;0;1;6;0;teaching-materials learning-materials;MIT License;;
8;1;8;1;0;0;0;1;8;0;training-materials;Creative Commons Attribution 4.0 International;;
0;3;17;3;0;0;0;1;0;0;workshop-materials;MIT License;;
0;1;29;3;0;0;0;1;0;0;workshop-materials;MIT License;;
12;0;7;1;0;0;0;1;12;0;teaching-materials;No License;;
2;5;20;2;3;0;3;1;2;0;teaching-materials;No License;;
1;0;37;1;0;0;0;2;1;2;teaching-materials;Apache License 2.0;;
0;0;6;1;0;0;0;1;0;0;teaching-materials learning-exercise;No License;;
1;0;2;1;0;0;0;1;1;0;teaching-materials;No License;;
348;318;1367;13;323;0;323;99;348;3;workshop-materials educational-resources educational-materials;GNU General Public License v3.0;;
118;21;78;2;1;0;1;2;118;0;teaching-materials;No License;;
25;24;59;1;2;0;2;1;25;0;teaching-materials;BSD 3-Clause Clear License;;
2;0;13;1;0;0;0;0;2;0;teaching-materials;Creative Commons Attribution 4.0 International;;
0;0;60;1;0;0;0;1;0;0;educational-resources teaching-materials;No License;;
0;0;1;1;0;0;0;0;0;0;teaching-materials;No License;;
0;0;24;1;0;0;0;1;0;0;teaching-material;GNU General Public License v3.0;;
0;0;2;1;0;0;0;1;0;0;teaching-materials;No License;;
0;0;6;1;0;0;0;0;0;0;presentation-slides;No License;;
21;58;2;29;43;0;43;2;21;1;training-materials;No License;;
4;4;20;1;0;0;0;2;4;0;workshop-materials;MIT License;;
0;4;15;3;6;1;5;5;0;2;training-material;GNU General Public License v3.0;;
0;1;3;2;0;0;0;1;0;1;training-material;GNU General Public License v3.0;;
5;14;52;4;0;0;0;1;5;0;teaching-materials;MIT License;;
3;0;20;1;0;0;0;1;3;0;academic-course;No License;;
24;4;6;1;0;0;0;1;24;1;textbook cc-by;No License;;
1;0;13;1;0;0;0;1;1;0;textbook;No License;;
0;0;9;1;0;0;0;1;0;0;textbook;No License;;
202;101;119;1;0;0;0;1;202;1;textbook;No License;;
0;0;3;2;0;0;0;1;0;1;training-material;GNU General Public License v3.0;;
685;37;211;1;5;1;4;4;685;13;teaching-materials;No License;;
0;0;2;2;0;0;0;1;0;0;presentation-slides;MIT License;;
3;4;18;1;1;0;1;2;3;0;workshop-materials;No License;;
0;3;9;2;3;0;3;5;0;1;training-material;GNU General Public License v3.0;;
0;6;16;2;6;1;5;6;0;4;training-material;GNU General Public License v3.0;;
0;0;3;2;0;0;0;1;0;1;training-material;GNU General Public License v3.0;;
0;0;3;2;0;0;0;1;0;1;training-material;GNU General Public License v3.0;;
0;2;8;2;2;0;2;4;0;1;training-material;GNU General Public License v3.0;;
0;0;3;1;0;0;0;1;0;0;workshop-materials;MIT License;;
0;0;70;2;0;0;0;1;0;0;presentation-slides;No License;;
103;26;111;2;6;0;6;4;103;2;training-materials workshop-materials;MIT License;;
5;1;37;1;0;0;0;1;5;0;workshop-materials;Other;No License description;
0;0;13;1;0;0;0;1;0;0;teaching-materials;No License;;
1;2;32;3;8;1;7;2;1;1;training-material;GNU General Public License v3.0;;
1;4;317;1;80;0;80;3;1;0;training-material;No License;;
75;42;4695;15;380;0;380;2;75;3;training-materials;Creative Commons Attribution 4.0 International;;
41;17;9;1;0;0;0;3;41;1;training-materials;Other;No License description;
0;0;26;7;0;0;0;1;0;0;training-materials;MIT License;;
2;0;75;1;5;0;5;6;2;1;teaching-materials;No License;;
1;0;2;1;0;0;0;1;1;0;training-material;Creative Commons Zero v1.0 Universal;;
0;3;10;2;4;0;4;5;0;1;training-material;GNU General Public License v3.0;;
7;12;64;5;10;3;7;3;7;3;course-materials;MIT License;;
11;4;1311;6;120;0;120;9;11;0;lecture;Other;No License description;
0;0;15;1;0;0;0;1;0;0;training-materials;Other;No License description;
0;0;28;1;1;0;1;2;0;0;educational-materials;MIT License;;
1;1;21;1;0;0;0;1;1;0;workshop-materials;GNU General Public License v2.0;;
4;0;1;1;0;0;0;1;4;0;open-education-resources oer mooc;Other;No License description;
1;0;56;1;0;0;0;2;1;0;workshop-materials course-materials;GNU General Public License v3.0;;
4;1;93;1;0;0;0;1;4;0;textbook;GNU General Public License v3.0;;
2;0;44;1;0;0;0;1;2;0;mooc;No License;;
1;0;4;1;0;0;0;1;1;0;learning-materials;No License;;
1;1;7;1;0;0;0;0;1;1;lecture;GNU General Public License v3.0;;
0;0;63;1;0;0;0;1;0;0;course-materials;No License;;
0;0;84;2;1;0;1;1;0;0;workshop-materials;Other;No License description;
4;0;23;1;0;0;0;1;4;0;university-coursework;No License;;
3;2;623;1;4;0;4;3;3;30;lecture-material lecture-slides;Other;No License description;
1;0;40;1;0;0;0;1;1;0;course-materials;No License;;
1;0;35;1;0;0;0;1;1;0;university-coursework;No License;;
0;0;4;1;0;0;0;1;0;0;university-course;GNU General Public License v3.0;;
0;1;57;1;0;0;0;1;0;1;training-material;MIT License;;
2;0;31;1;0;0;0;1;2;0;textbook cc-by;Other;No License description;
1;0;34;1;2;0;2;1;1;5;learning-material;No License;;
4;4;8;2;0;0;0;2;4;0;course-material;GNU General Public License v2.0;;
0;5;11;2;4;0;4;5;0;1;training-material;GNU General Public License v3.0;;
2;5;8;2;3;0;3;5;2;1;training-material;GNU General Public License v3.0;;
0;0;19;1;0;0;0;1;0;0;university-course;GNU General Public License v3.0;;
2;0;72;2;2;1;1;1;2;2;oer workshop-materials;MIT License;;
18;0;30;1;1;0;1;2;18;0;presentation-materials;No License;;
3;1;95;1;1;0;1;2;3;3;teaching-materials;MIT License;;
1;4;43;1;4;0;4;3;1;3;workshop-materials;No License;;
10;2;8;1;0;0;0;1;10;1;teaching-materials;Other;No License description;
0;0;5;1;0;0;0;1;0;0;presentation-slides;Other;No License description;
0;1;66;2;1;0;1;1;0;2;teaching-materials;MIT License;;
0;0;59;2;2;1;1;2;0;1;university-course;No License;;
77;119;686;1;16;1;15;4;77;1;mooc course-materials;"BSD 2-Clause ""Simplified"" License";;
8;1;11;1;0;0;0;1;8;0;workshop-materials;MIT License;;
6;3;6;1;0;0;0;1;6;0;educational-materials;No License;;
0;0;22;2;0;0;0;1;0;0;presentation-slides;MIT License;;
13;1;122;1;0;0;0;1;13;0;course-materials;No License;;
0;0;14;2;1;0;1;2;0;0;workshop-materials;No License;;
0;6;13;2;4;0;4;5;0;9;training-material;GNU General Public License v3.0;;
11;1;6;1;0;0;0;1;11;0;course-materials;Other;No License description;
121;43;47;1;33;0;33;9;121;0;self-learning;MIT License;;
26;8;68;2;1;0;1;1;26;0;training-materials;Other;No License description;
6;22;106;11;1;0;1;1;6;0;training-materials;Other;No License description;
6;2;355;3;0;0;0;3;6;0;open-educational-resources;No License;;
1;4;439;28;29;25;4;4;1;25;training-materials;No License;;
5;19;73;1;0;0;0;1;5;0;mooc;GNU General Public License v3.0;;
0;2;4;2;1;0;1;2;0;1;training-material;GNU General Public License v3.0;;
0;5;14;2;5;0;5;5;0;1;training-material;GNU General Public License v3.0;;
0;3;11;2;4;0;4;6;0;1;training-material;GNU General Public License v3.0;;
0;9;165;2;12;0;12;11;0;1;training-material;GNU General Public License v3.0;;
3;14;34;2;14;1;13;8;3;1;training-material;GNU General Public License v3.0;;
2;5;15;2;6;1;5;3;2;2;training-material;GNU General Public License v3.0;;
0;1;2;2;0;0;0;1;0;1;training-material;GNU General Public License v3.0;;
0;0;2;2;0;0;0;1;0;1;training-material;GNU General Public License v3.0;;
0;5;23;3;9;0;9;6;0;1;training-material;GNU General Public License v3.0;;
0;3;15;2;6;0;6;5;0;1;training-material;GNU General Public License v3.0;;
1;9;20;2;9;0;9;9;1;6;training-material;GNU General Public License v3.0;;
1;1;44;1;0;0;0;1;1;0;learning-materials lecture lecture-material;No License;;
0;5;19;2;8;0;8;8;0;1;training-material;GNU General Public License v3.0;;
0;0;24;1;0;0;0;1;0;0;teaching-materials oer;Other;No License description;
5;3;57;1;3;0;3;3;5;0;workshop-materials;No License;;
1;0;31;2;0;0;0;2;1;0;workshop-materials;No License;;
1;1;19;3;3;2;1;2;1;2;workshop-materials;Creative Commons Attribution 4.0 International;;
2;6;4;2;0;0;0;3;2;0;workshop-materials;No License;;
2;0;115;1;8;0;8;2;2;0;workshop-materials;No License;;
5;4;18;1;1;0;1;2;5;0;workshop-materials;MIT License;;
31;13;44;1;2;0;2;3;31;0;workshop-materials;MIT License;;
5;10;23;1;3;0;3;2;5;0;workshop-materials;MIT License;;
1;1;29;1;0;0;0;2;1;0;workshop-materials;No License;;
0;0;27;1;0;0;0;6;0;0;workshop-resources;No License;;
133;37;27;4;7;0;7;3;133;0;workshop-resources;No License;;
4;1;13;1;0;0;0;1;4;0;workshop-materials;Apache License 2.0;;
552;140;88;2;8;2;6;8;552;4;training-materials;No License;;
2;0;30;1;0;0;0;1;2;0;course-materials;GNU General Public License v3.0;;
9;1;18;1;0;0;0;2;9;0;workshop-materials;No License;;
0;0;11;2;0;0;0;2;0;0;presentation-slides;No License;;
3;1;197;1;0;0;0;2;3;0;workshop-materials;No License;;
45;13;46;4;30;0;30;8;45;4;workshop-materials;Creative Commons Attribution Share Alike 4.0 International;;
6;2;71;1;1;0;1;1;6;0;teaching-materials;No License;;
1;6;14;2;5;1;4;5;1;1;training-materials;GNU General Public License v3.0;;
28;14;158;2;58;0;58;4;28;0;training-material;GNU General Public License v3.0;;
0;0;32;1;1;0;1;1;0;0;course-materials oer textbook;GNU General Public License v3.0;;
5;5;265;1;15;0;15;4;5;0;training-materials;MIT License;;
1;2;66;3;0;0;0;1;1;2;workshop-materials;MIT License;;
0;0;41;1;3;0;3;1;0;0;workshop-materials;No License;;
0;0;2;1;0;0;0;1;0;0;workshop-materials;Apache License 2.0;;
2;0;4;1;0;0;0;1;2;0;lecture-slides;No License;;
0;0;3;2;0;0;0;1;0;0;training-materials;No License;;
0;4;35;10;15;7;8;3;0;7;training-materials;No License;;
7;3;176;2;0;0;0;1;7;0;university-course;No License;;
